Biomarker_A,Biomarker_B,Combo_Type,beta_A,p_A,beta_B,p_B,beta_combo,p_combo,aic_gain,FDR_q
BMXBMI,BMXWAIST,Difference,0.19764881908052728,9.279481975564017e-09,0.2610702796577473,1.1905547370257936e-13,-0.2966976294424049,1.2915805085160427e-15,9.010174646154155,5.2309010594899725e-14
BMXWAIST,BMXBMI,Difference,0.2610702796577473,1.1905547370257936e-13,0.19764881908052728,9.279481975564017e-09,0.2966976294424049,1.2915805085160427e-15,9.010174646154155,5.2309010594899725e-14
BMXWAIST,LBXSUA,Difference,0.25768949614488834,8.599789034647758e-13,-0.04860227900341162,0.2546212473008058,0.26465761735563126,1.4232953234193487e-13,3.385376986526353,2.8821730299241813e-12
LBXSUA,BMXWAIST,Difference,-0.04860227900341162,0.2546212473008058,0.25768949614488834,8.599789034647758e-13,-0.26465761735563126,1.4232953234193487e-13,3.385376986526353,2.8821730299241813e-12
BMXBMI,LBDHDD,Ratio,0.2051052713886191,5.950461557524433e-10,-0.17465182184535194,2.3256680225830137e-05,0.23058276445888348,4.6877699701836834e-12,9.714884512058234,7.594187351697567e-11
LBXSAL,LBXWBCSI,Ratio,-0.16529892343650704,3.390008018600254e-05,0.05948233303441254,0.13309990402889074,-0.27842372032166524,1.7517525677542186e-11,31.807835728079226,2.1923587228422552e-10
LBXGH,LBDHDD,Ratio,0.16033383840111806,2.3727829570123894e-07,-0.17935072955209913,1.211893527868335e-05,0.21606589396807077,1.8946309950488625e-11,17.45320042650019,2.1923587228422552e-10
LBXSUA,BMXBMI,Difference,-0.03307403035633973,0.4220452628148379,0.204246688973928,7.439360102908657e-10,-0.21898888155412977,5.1987624285282345e-11,4.853885867179997,4.678886185675411e-10
BMXBMI,LBXSUA,Difference,0.204246688973928,7.439360102908657e-10,-0.03307403035633973,0.4220452628148379,0.21898888155412977,5.1987624285282345e-11,4.853885867179997,4.678886185675411e-10
BMXBMI,LBXSAL,Ratio,0.20478075577645022,6.637552053526751e-10,-0.1647495425273203,4.7905009166605934e-05,0.21356353726898206,7.750316424332806e-11,3.502586423331195,6.277756303709573e-10
LBXSAL,LBXGH,Ratio,-0.17087978181800306,1.656948940195037e-05,0.1612224987166472,2.10027013713876e-07,-0.2458714084121048,1.2384076182617887e-10,15.819544853578918,9.119183370836808e-10
LBXHGB,LBXWBCSI,Ratio,-0.026111196914753953,0.5406708970817964,0.06345938139459502,0.13658806670334603,-0.26156775939479177,2.7215746650462566e-10,37.522975848442,1.8370628989062234e-09
LBXGH,LBXSAL,Ratio,0.1612224987166472,2.10027013713876e-07,-0.17087978181800306,1.656948940195037e-05,0.18613207841476567,1.4353876489641846e-09,8.414761362367244,8.943569197392228e-09
LBXSCA,LBXWBCSI,Ratio,-0.0011460758757429958,0.9749487804682969,0.059194545407172505,0.132816009590421,-0.2450341082347962,1.8522237954219402e-09,34.06032847093684,9.88722908327104e-09
LBXSNASI,LBXWBCSI,Ratio,-0.031661387198188506,0.4093114531727582,0.05937782235668915,0.13296393511924487,-0.24560132709014196,1.9201644366317243e-09,34.01513440063536,9.88722908327104e-09
LBDHDD,LBXWBCSI,Ratio,-0.17642293724441516,1.7708558655760802e-05,0.05914574201558871,0.13309506793232476,-0.26299303762715776,1.953032905337489e-09,20.977619772820617,9.88722908327104e-09
LBXGH,LBXSAL,Difference,0.1612224987166472,2.10027013713876e-07,-0.17087978181800306,1.656948940195037e-05,0.18726037157724582,2.3881200619091875e-09,7.622543709270758,1.0746540278591344e-08
LBXSAL,LBXGH,Difference,-0.17087978181800306,1.656948940195037e-05,0.1612224987166472,2.10027013713876e-07,-0.18726037157724582,2.3881200619091875e-09,7.622543709270758,1.0746540278591344e-08
LBXHSCRP,LBDHDD,Difference,0.13267658393924833,4.969225166696672e-07,-0.1756348782885932,1.946406035055125e-05,0.21861304814688154,3.0922072202086952e-09,13.00107281378223,1.2523439241845216e-08
LBDHDD,LBXHSCRP,Difference,-0.1756348782885932,1.946406035055125e-05,0.13267658393924833,4.969225166696672e-07,-0.21861304814688154,3.0922072202086952e-09,13.00107281378223,1.2523439241845216e-08
LBXSAPSI,LBDHDD,Difference,0.14604322065327424,3.6219977586826865e-06,-0.1742749731876544,2.12212999362279e-05,0.1959873499474102,4.512073121335312e-09,12.897956717993111,1.6612632855825467e-08
LBDHDD,LBXSAPSI,Difference,-0.1742749731876544,2.12212999362279e-05,0.14604322065327424,3.6219977586826865e-06,-0.1959873499474102,4.512073121335312e-09,12.897956717993111,1.6612632855825467e-08
LBDHDD,LBXSAPSI,Ratio,-0.1742749731876544,2.12212999362279e-05,0.14604322065327424,3.6219977586826865e-06,-0.2410594693614545,1.6174271711981485e-08,15.209743764494306,5.696156559436958e-08
LBXSAPSI,LBDHDD,Ratio,0.14604322065327424,3.6219977586826865e-06,-0.1742749731876544,2.12212999362279e-05,0.21850031352107174,2.5785441258042655e-08,13.885311073014236,8.702586424589397e-08
LBXSKSI,LBDHDD,Ratio,0.08777091593646627,0.02006240440871235,-0.17451563514713114,2.0651487961317273e-05,0.19302228957892245,3.853397707412391e-08,10.248342848803077,1.2485008572016147e-07
LBDHDD,LBXGH,Ratio,-0.17935072955209913,1.211893527868335e-05,0.16033383840111806,2.3727829570123894e-07,-0.22279886508913513,4.601164395796487e-08,8.133381743821701,1.4334396771519825e-07
LBXSUA,LBXWBCSI,Ratio,-0.027094952224417657,0.5071600701132064,0.05925632259076428,0.13292548021492437,-0.2408222887954601,5.054069957284127e-08,27.43290207710379,1.5162209871852383e-07
LBXGLU,LBDHDD,Ratio,0.1448894819718126,0.0009432077706531048,-0.19196957984458832,0.0009916478398651,0.23290073107675185,7.685457842679118e-08,15.958216684515264,2.2232931616321736e-07
LBXSNASI,LBXGH,Ratio,-0.034551145200126476,0.3661238490359373,0.16118334568750553,2.1186922639023054e-07,-0.19142080798021294,8.040540787711849e-08,3.3170694751343035,2.2458062200160682e-07
LBXHSCRP,LBDHDD,Ratio,0.13267658393924833,4.969225166696672e-07,-0.1756348782885932,1.946406035055125e-05,0.13862153274456973,9.608608042558037e-08,2.231665405422973,2.59432417149067e-07
systolic_bp,LBXWBCSI,Ratio,-0.0017948988268251312,0.9655929100077061,0.05535402108956374,0.12665231320614245,-0.22321926426418695,1.3147659808874682e-07,25.45104417811308,3.4353562726414493e-07
LBXSCA,LBXGH,Ratio,4.799274076899556e-05,0.9989470543183544,0.16107183024420524,2.1655814338960402e-07,-0.18909620483301043,1.689133065038613e-07,2.2532342414951927,4.2756180708789893e-07
LBXSKSI,LBXWBCSI,Ratio,0.08497413613213853,0.024960640235035417,0.05928929137305676,0.1329154776050176,-0.21008802232734222,2.4792020186432433e-07,23.38587482712319,6.085314045760688e-07
LBXSAPSI,LBXSAL,Ratio,0.1458847037821961,3.7277457984102805e-06,-0.17164354877724075,1.5129799741003685e-05,0.15641046331481745,2.635740200662552e-07,4.046198366347198,6.279263419225491e-07
LBXSAL,LBXSAPSI,Ratio,-0.17164354877724075,1.5129799741003685e-05,0.1458847037821961,3.7277457984102805e-06,-0.21364742452080507,3.322199874935585e-07,7.840221316218049,7.68851971056521e-07
LBXSCA,LBDHDD,Ratio,-0.0004577512211928805,0.9899538686786896,-0.17389731586759802,2.2024585731082155e-05,0.17866361057212532,3.673590247718582e-07,5.9537005596421295,8.265578057366811e-07
LBXSAL,LBXSCA,Ratio,-0.17135871883401702,1.561152010411506e-05,-0.0007132805239703025,0.9843484256168252,-0.19991108507983607,4.814721048415176e-07,6.410983952185234,1.0540335268152142e-06
LBXSNASI,LBDHDD,Ratio,-0.034555169558256306,0.3661485199205847,-0.1743723684310114,2.087998258915643e-05,0.1748871185627039,5.987433523390277e-07,5.150298602291514,1.2762687247226644e-06
LBXSASSI,LBDHDD,Difference,0.08944805016011469,0.005414017914994239,-0.17406128664031223,2.1705187721561816e-05,0.18210756221128216,1.2139273726939867e-06,7.227635493908565,2.458202929705323e-06
LBDHDD,LBXSASSI,Difference,-0.17406128664031223,2.1705187721561816e-05,0.08944805016011469,0.005414017914994239,-0.18210756221128216,1.2139273726939867e-06,7.227635493908565,2.458202929705323e-06
LBXHGB,LBDHDD,Ratio,-0.0225584598713382,0.6004673401966554,-0.17642293724441516,1.7708558655760802e-05,0.17932178688053965,1.7484638720053807e-06,2.4476045837309357,3.454282283717947e-06
LBXSCA,LBXSAL,Ratio,-0.0007132805239703025,0.9843484256168252,-0.17135871883401702,1.561152010411506e-05,0.17232402592787974,2.0014157202484334e-06,2.8245239819880226,3.859873174764836e-06
LBDHDD,LBXSCR,Ratio,-0.1742771423353215,2.1228427345894593e-05,0.036480673378369605,0.27750428953360795,-0.21067905281454496,3.734044033514998e-06,3.813076228110731,7.0338969003422054e-06
diastolic_bp,LBXWBCSI,Ratio,0.0433055776224517,0.25037999062246585,0.05535402108956374,0.12665231320614245,-0.1820914986709136,5.003273488483072e-06,17.48744312180952,9.210571649252928e-06
LBDHDD,LBXSKSI,Ratio,-0.17451563514713114,2.0651487961317273e-05,0.08777091593646627,0.02006240440871235,-0.18984349051395863,5.1777958142243156e-06,2.903507759335298,9.320032465603769e-06
LBXSKSI,LBXSAL,Difference,0.0885139868722198,0.019001861688532323,-0.17145699926286945,1.550831647876627e-05,0.18005363908267563,5.667751183826279e-06,2.114841792606967,9.767826508296353e-06
LBXSAL,LBXSKSI,Difference,-0.17145699926286945,1.550831647876627e-05,0.0885139868722198,0.019001861688532323,-0.18005363908267563,5.667751183826279e-06,2.114841792606967,9.767826508296353e-06
LBDHDD,LBXWBCSI,Difference,-0.17642293724441516,1.7708558655760802e-05,0.05914574201558871,0.13309506793232476,-0.17867253478614814,7.433968090634524e-06,3.068839340308841,1.2288804394722377e-05
LBXWBCSI,LBDHDD,Difference,0.05914574201558871,0.13309506793232476,-0.17642293724441516,1.7708558655760802e-05,0.17867253478614814,7.433968090634524e-06,3.068839340308841,1.2288804394722377e-05
LBXPLTSI,LBXWBCSI,Ratio,0.08737430275536397,0.016393223843076017,0.06345938139459502,0.13658806670334603,-0.17334824977227312,1.2743593278168166e-05,14.474366131377792,2.0644621110632426e-05
LBXIN,LBDHDD,Ratio,0.11716647171900132,0.0018705205051209462,-0.1995618020599351,0.0006762457683816549,0.15846451301779568,1.4461166372246449e-05,3.8503986753171375,2.2967734826509065e-05
LBXSBU,LBXWBCSI,Ratio,-0.04462051131245576,0.2889301774432278,0.05929836019933789,0.13295275422847366,-0.1917694170830584,2.834704038774803e-05,14.582009807684699,4.415596675783828e-05
LBXTR,LBXTC,Ratio,0.12534674658658673,0.0015832440826956836,0.016722071662138186,0.7532639409724915,0.1727469019421897,3.778927027556659e-05,6.1056960616624565,5.775341306265837e-05
LBXIN,LBDHDD,Difference,0.11716647171900132,0.0018705205051209462,-0.1995618020599351,0.0006762457683816549,0.17555051324951584,3.989037057778966e-05,3.142438269277136,5.87476366691084e-05
LBDHDD,LBXIN,Difference,-0.1995618020599351,0.0006762457683816549,0.11716647171900132,0.0018705205051209462,-0.17555051324951584,3.989037057778966e-05,3.142438269277136,5.87476366691084e-05
LBDHDD,LBXGLU,Difference,-0.19196957984458832,0.0009916478398651,0.1448894819718126,0.0009432077706531048,-0.17869864933750115,5.325335107119388e-05,3.032636406977417,7.567581468011762e-05
LBXGLU,LBDHDD,Difference,0.1448894819718126,0.0009432077706531048,-0.19196957984458832,0.0009916478398651,0.17869864933750115,5.325335107119388e-05,3.032636406977417,7.567581468011762e-05
LBXTC,LBXWBCSI,Ratio,0.0375801695756913,0.3050200480617219,0.05914574201558871,0.13309506793232476,-0.1603517047221156,5.643078412565333e-05,12.434279709558723,7.880850886513656e-05
LBXGLU,LBXSAL,Ratio,0.14530488979935158,0.0009195196664423339,-0.14441138758705174,0.011681116992615141,0.16131127641427234,0.00012256990736547957,3.131063273505788,0.00016827394062040416
LBXTR,LBXSBU,Ratio,0.12464882813219902,0.0016789208060725154,-0.07945927914573393,0.21655214311848825,0.15154742415993094,0.0002138641150615402,3.0868853351526013,0.0002887165553330793
LBXHSCRP,LBDLDL,Ratio,0.106655261202783,0.003064490601870903,0.03129632275830838,0.558290689468272,0.14104288644553578,0.0002814770402330303,4.968113305279985,0.00037376459440779437
LBXSBU,LBXTR,Ratio,-0.07945927914573393,0.21655214311848825,0.12464882813219902,0.0016789208060725154,-0.24192864767878275,0.00029540667340147695,6.466798551804459,0.00038593452492773604
LBXTR,LBXHGB,Ratio,0.12475837992594094,0.0016989952655012636,-0.028690211843253047,0.6486604819400671,0.1417130298427782,0.00041553321010540974,2.4053552500490696,0.0005342569844212411
LBXSASSI,LBXSBU,Ratio,0.08948891140719455,0.0054020490882331846,-0.0456813568794498,0.27634247568344406,0.09892480703566761,0.0004357881845083803,3.3953147824486223,0.0005515444210184189
LBXSATSI,LBXSBU,Ratio,0.07866346833556048,0.013707965785605278,-0.04552262580170445,0.27799740030092657,0.10368974998414611,0.0005159288255540995,5.046008270818675,0.0006429266903058778
LBXWBCSI,LBXSBU,Ratio,0.05929836019933789,0.13295275422847366,-0.04462051131245576,0.2889301774432278,0.13412597808103927,0.0010216804530046649,9.39229384837654,0.0012538805559602706
LBXTC,LBXTR,Ratio,0.016722071662138186,0.7532639409724915,0.12534674658658673,0.0015832440826956836,-0.19636139431945715,0.001146529265984545,2.7103986069805615,0.0013861025454440022
LBXSAL,LBXTR,Ratio,-0.14325186046031194,0.0154082293019829,0.12492338106267681,0.0016390677963759302,-0.20125340454446639,0.0012330967214172546,2.692128663586118,0.0014688358005117298
LBXSNASI,LBXTR,Ratio,-0.09141219738957578,0.1087557390155441,0.12492338106267681,0.0016390677963759302,-0.1965323321076281,0.0013875091221062907,2.4404659995416296,0.0016288150563856455
LBXPLTSI,LBXSBU,Ratio,0.08842276888720575,0.016444471415150503,-0.04462051131245576,0.2889301774432278,0.11732051774241228,0.0014087020647420663,4.025666001981335,0.0016300695320586767
LBXSUA,LBXTR,Ratio,-0.06311710155759231,0.29306789839409675,0.1246638263612398,0.0016760349004072705,-0.196331408422285,0.0016186740252284804,2.2144560394362998,0.0018466562823029142
LBXHGB,LBXTR,Ratio,-0.028690211843253047,0.6486604819400671,0.12475837992594094,0.0016989952655012636,-0.19572301833341296,0.0016529326755282626,2.1302437506237766,0.0018595492599692955
LBXSCR,LBXSBU,Ratio,0.03670546961561619,0.27414656044635555,-0.045662102388210654,0.2765332618745384,0.10291911566719661,0.0031434613604066322,6.954640564550573,0.003487950276615578
LBXSBU,LBXSCR,Ratio,-0.045662102388210654,0.2765332618745384,0.03670546961561619,0.27414656044635555,-0.10223298305174969,0.00927966139077369,5.703665679939149,0.010157467198009038
LBDLDL,LBXSBU,Ratio,0.028883011687383074,0.5875608942479185,-0.09432996820600065,0.1527608168569466,0.12747740291647638,0.01279107508661011,3.7911561942701155,0.01381436109353892
LBXSCR,LBXWBCSI,Ratio,0.03377379782632422,0.32220732361267157,0.05937882791271564,0.13301785882474296,-0.13531641224065263,0.015309697518370318,2.2644646190810818,0.016316914460368363
diastolic_bp,LBXSBU,Ratio,0.03890558537974579,0.30485345058630564,-0.06289623834880176,0.14526824865507348,0.08555500235023256,0.017188220788403503,3.190300265740916,0.018081115374814074
LBXTC,LBXSBU,Ratio,0.03375210773856224,0.35671530861712697,-0.04607337543306137,0.2722794209243772,0.0827624183683214,0.01782701120867008,4.096578153556038,0.018512665485926623
LBXWBCSI,LBXTC,Ratio,0.05914574201558871,0.13309506793232476,0.0375801695756913,0.3050200480617219,0.08062119300815569,0.040451053700038486,2.363204915739516,0.04104672398811407
LBXSCA,LBXSBU,Ratio,-0.0007132805239703025,0.9843484256168252,-0.045662102388210654,0.2765332618745384,0.0756879553559756,0.04053997430924847,2.806385898413282,0.04104672398811407
LBXSNASI,LBXSCR,Ratio,-0.03490512100344195,0.36124395462829206,0.03668903023824938,0.2743910328741658,-0.08570504216092319,0.04926201051699217,2.8578006951101997,0.04926201051699217
