outcome_var,outcome_name,marker1_var,marker1_name,marker2_var,marker2_name,correlation_r,n_samples,n_cases,beta_dir,p_dir,aic_dir,beta_abs,p_abs,aic_abs,best_p,is_directional
diabetes_binary,Diabetes,BMXBMI,Body Mass Index (kg/m2),BMXWAIST,Waist Circumference (cm),0.9328225308747892,7583,773.0,0.7749272134028397,5.051012112555885e-69,4652.634861038177,0.5148537358774538,4.426743177594986e-22,4909.576388864408,5.051012112555885e-69,1
hypertension_binary,Hypertension,BMXBMI,Body Mass Index (kg/m2),BMXWAIST,Waist Circumference (cm),0.9328225308747892,5453,1879.0,0.5558405975598225,6.113998131995301e-69,6688.579278312709,0.1556393633323432,0.0007326964923004497,7016.420421794179,6.113998131995301e-69,1
high_cholesterol_binary,High Cholesterol,BMXBMI,Body Mass Index (kg/m2),BMXWAIST,Waist Circumference (cm),0.9328225308747892,5425,1743.0,0.5218794665148814,4.3550521074224836e-60,6525.084425611912,0.06589485124712262,0.16243190494184112,6814.104300290213,4.3550521074224836e-60,1
diabetes_binary,Diabetes,LBXGH,"Glycohemoglobin (HbA1c, %)",LBXGLU,Fasting Glucose (mg/dL),0.8441732591799292,2885,416.0,0.12516215902543343,0.013108725603833889,2378.1940505290067,1.2866361844679088,8.885754277976633e-54,2026.043078204898,8.885754277976633e-54,0
diabetes_binary,Diabetes,systolic_bp,Systolic BP (mmHg),BMXWAIST,Waist Circumference (cm),0.4102883756778136,6424,748.0,0.5765776365591703,3.540258452543135e-51,4395.22670265466,0.312812151996429,2.6528875685925717e-07,4600.8624192501975,3.540258452543135e-51,1
diabetes_binary,Diabetes,LBXSCR,Creatinine Kidney (mg/dL),LBXSBU,BUN Kidney (mg/dL),0.5501150722438025,5897,800.0,0.5351366776338735,5.849659604452298e-49,4460.231230846227,0.6010956568008038,3.3112715871071374e-35,4523.919438508505,5.849659604452298e-49,1
hypertension_binary,Hypertension,LBXSCR,Creatinine Kidney (mg/dL),LBXSBU,BUN Kidney (mg/dL),0.5501150722438025,5408,1900.0,0.46115116688944663,1.3798498273264748e-48,6777.0890494942305,0.4668942741163301,1.848138207698611e-25,6894.358384344423,1.3798498273264748e-48,1
hypertension_binary,Hypertension,systolic_bp,Systolic BP (mmHg),BMXWAIST,Waist Circumference (cm),0.4102883756778136,5262,1818.0,0.4292142380954352,2.1086748660585067e-46,6573.752525409315,0.03458756779853241,0.46951027862634587,6787.393815425716,2.1086748660585067e-46,1
arthritis_binary,Arthritis,LBXSCR,Creatinine Kidney (mg/dL),LBXSBU,BUN Kidney (mg/dL),0.5501150722438025,4900,1524.0,0.4577094805721909,9.408630268121048e-43,5872.284444043394,0.3743241050720124,1.2097506298642825e-16,6006.320457272235,9.408630268121048e-43,1
high_cholesterol_binary,High Cholesterol,LBXSCR,Creatinine Kidney (mg/dL),LBXSBU,BUN Kidney (mg/dL),0.5501150722438025,5386,1763.0,0.4180287453821892,6.413568417010711e-41,6619.17893876396,0.2485971547748072,2.179714443763434e-09,6778.287748400296,6.413568417010711e-41,1
hypertension_binary,Hypertension,LBXSCA,Calcium (mg/dL),LBXSAL,Albumin (g/dL),0.5113459502479462,5408,1900.0,-0.38611136307800487,1.383408896016714e-38,6838.2729393743075,0.10262604042902487,0.02148059358456408,7010.400541704776,1.383408896016714e-38,1
diabetes_binary,Diabetes,LBXSCA,Calcium (mg/dL),LBXSAL,Albumin (g/dL),0.5113459502479462,5897,800.0,-0.446601037612697,4.141665463237186e-33,4541.671071968291,0.2743792334555095,6.922505316813265e-07,4662.9160109408895,4.141665463237186e-33,1
arthritis_binary,Arthritis,BMXBMI,Body Mass Index (kg/m2),BMXWAIST,Waist Circumference (cm),0.9328225308747892,4917,1485.0,0.3910959956095673,1.306685843517904e-32,5879.088012230121,0.17682404050462872,0.00037868753526344506,6015.407307872429,1.306685843517904e-32,1
heart_attack_binary,Heart Attack,BMXBMI,Body Mass Index (kg/m2),BMXWAIST,Waist Circumference (cm),0.9328225308747892,4918,227.0,0.8676120722030336,7.055776616911366e-32,1694.7891510797954,0.4370195779526573,2.64030447747609e-06,1823.9028824423272,7.055776616911366e-32,1
arthritis_binary,Arthritis,LBXSCA,Calcium (mg/dL),LBXSAL,Albumin (g/dL),0.5113459502479462,4900,1524.0,-0.36058986713661245,6.398754004698541e-30,5945.100072614947,-0.000356824438713649,0.9941709857687596,6079.163812919593,6.398754004698541e-30,1
arthritis_binary,Arthritis,systolic_bp,Systolic BP (mmHg),BMXWAIST,Waist Circumference (cm),0.4102883756778136,4748,1441.0,0.3492386427380689,6.197333003956024e-28,5709.913131558438,0.04478221470473508,0.38375230960785545,5831.866100545569,6.197333003956024e-28,1
hypertension_binary,Hypertension,systolic_bp,Systolic BP (mmHg),diastolic_bp,Diastolic BP (mmHg),0.48249120160045034,5517,1937.0,-0.10639974920998481,0.00014099207429752128,7140.922652770399,0.4889805064466966,1.5532143277537273e-27,7022.494700569274,1.5532143277537273e-27,0
high_cholesterol_binary,High Cholesterol,systolic_bp,Systolic BP (mmHg),BMXWAIST,Waist Circumference (cm),0.4102883756778136,5235,1697.0,0.2770602045832988,8.512151303819885e-21,6511.254816701299,-0.24057179400980733,2.075753485570869e-06,6576.609707553979,8.512151303819885e-21,1
arthritis_binary,Arthritis,systolic_bp,Systolic BP (mmHg),diastolic_bp,Diastolic BP (mmHg),0.48249120160045034,4982,1528.0,-0.27839717840920425,2.982159724624494e-19,6062.83508877133,0.20269827606073715,2.6971559644921394e-06,6124.297845215939,2.982159724624494e-19,1
stroke_binary,Stroke,LBXSCA,Calcium (mg/dL),LBXSAL,Albumin (g/dL),0.5113459502479462,4906,239.0,-0.469125361717797,1.0578708712603283e-14,1857.824836813184,0.3087949151336999,0.0007473816982130542,1904.154627563771,1.0578708712603283e-14,1
high_cholesterol_binary,High Cholesterol,LBXSCA,Calcium (mg/dL),LBXSAL,Albumin (g/dL),0.5113459502479462,5386,1763.0,-0.2228201864709282,2.3780918213823436e-14,6755.976830505991,-0.05987583118483776,0.197704366209145,6813.159174115539,2.3780918213823436e-14,1
hypertension_binary,Hypertension,LBXGH,"Glycohemoglobin (HbA1c, %)",LBXGLU,Fasting Glucose (mg/dL),0.8441732591799292,2652,945.0,-0.004160076237824128,0.9183460508067737,3458.3796565233215,0.44731950417120087,2.862952684325694e-14,3391.5745412529886,2.862952684325694e-14,0
stroke_binary,Stroke,BMXBMI,Body Mass Index (kg/m2),BMXWAIST,Waist Circumference (cm),0.9328225308747892,4919,223.0,0.5352254699188075,5.139592846569847e-14,1761.284876776222,0.12181393644360279,0.2527427127374875,1818.255144315152,5.139592846569847e-14,1
high_cholesterol_binary,High Cholesterol,systolic_bp,Systolic BP (mmHg),diastolic_bp,Diastolic BP (mmHg),0.48249120160045034,5490,1797.0,-0.18450158052129814,1.1108651334622358e-10,6904.265280139695,0.30311550494869416,5.283067601980942e-13,6892.266240999219,5.283067601980942e-13,0
heart_attack_binary,Heart Attack,LBXSCR,Creatinine Kidney (mg/dL),LBXSBU,BUN Kidney (mg/dL),0.5501150722438025,4904,243.0,0.37993714245288635,5.444812884520104e-13,1891.7173838032909,0.3956503877033686,9.54896925903558e-10,1907.161034326523,5.444812884520104e-13,1
high_cholesterol_binary,High Cholesterol,LBXGH,"Glycohemoglobin (HbA1c, %)",LBXGLU,Fasting Glucose (mg/dL),0.8441732591799292,2634,875.0,-0.029898230056389637,0.4724888703513376,3352.464030694347,0.40360905856545504,1.7586630864447248e-12,3297.686919572815,1.7586630864447248e-12,0
heart_attack_binary,Heart Attack,systolic_bp,Systolic BP (mmHg),diastolic_bp,Diastolic BP (mmHg),0.48249120160045034,4987,239.0,-0.35879694024948205,3.2935709099348925e-12,1880.8158367212059,0.2672556300877964,0.00024454392285612264,1911.3317552519266,3.2935709099348925e-12,1
thyroid_binary,Thyroid Problem,systolic_bp,Systolic BP (mmHg),diastolic_bp,Diastolic BP (mmHg),0.48249120160045034,4985,591.0,-0.24545413327772755,4.014954498011405e-10,3596.5772014145505,0.2482528720304208,3.3533865603215467e-06,3613.8796918138405,4.014954498011405e-10,1
thyroid_binary,Thyroid Problem,LBXSCA,Calcium (mg/dL),LBXSAL,Albumin (g/dL),0.5113459502479462,4900,598.0,-0.26164257635705723,6.154754971519068e-10,3601.868717221477,0.11668619685376432,0.07811534185743177,3636.4995206329286,6.154754971519068e-10,1
thyroid_binary,Thyroid Problem,LBXSCR,Creatinine Kidney (mg/dL),LBXSBU,BUN Kidney (mg/dL),0.5501150722438025,4900,598.0,0.24263360002376996,1.1282938905931369e-09,3604.1387213080707,0.1968215567956457,0.0002711335553705666,3627.3897364665036,1.1282938905931369e-09,1
diabetes_binary,Diabetes,systolic_bp,Systolic BP (mmHg),diastolic_bp,Diastolic BP (mmHg),0.48249120160045034,6710,811.0,-0.20081644749438196,1.4903270536477644e-09,4917.170937296096,0.017892189928609744,0.7335798091795089,4951.083454190817,1.4903270536477644e-09,1
stroke_binary,Stroke,LBXSCR,Creatinine Kidney (mg/dL),LBXSBU,BUN Kidney (mg/dL),0.5501150722438025,4906,239.0,0.29210788038619395,9.314499027990711e-08,1889.3170958307776,0.37597655370033545,1.009852613378001e-08,1887.5996231320175,1.009852613378001e-08,0
hypertension_binary,Hypertension,LBXTC,Total Cholesterol (mg/dL),LBDLDL,LDL Cholesterol (mg/dL),0.9305272055401838,2582,919.0,-0.23323916535538572,1.8134880168270756e-08,3333.667793204455,0.11437702637120352,0.06632543811521527,3362.6089170423065,1.8134880168270756e-08,1
arthritis_binary,Arthritis,LBXGH,"Glycohemoglobin (HbA1c, %)",LBXGLU,Fasting Glucose (mg/dL),0.8441732591799292,2424,767.0,0.04671175616389357,0.2823622258301033,3028.6818511691413,0.3105372343967118,4.303138238128651e-08,2998.408650225343,4.303138238128651e-08,0
arthritis_binary,Arthritis,LBXTC,Total Cholesterol (mg/dL),LBDLDL,LDL Cholesterol (mg/dL),0.9305272055401838,2361,748.0,-0.22871856744518448,2.1382472188894463e-07,2925.4162108151204,-0.012431312920806264,0.8554734837111946,2952.5973261077306,2.1382472188894463e-07,1
heart_attack_binary,Heart Attack,LBXGH,"Glycohemoglobin (HbA1c, %)",LBXGLU,Fasting Glucose (mg/dL),0.8441732591799292,2425,127.0,0.08746450863678439,0.31399901782874384,999.3990103260776,0.38231099300538024,6.618730228840406e-07,980.5522811262658,6.618730228840406e-07,0
liver_condition_binary,Liver Condition,BMXBMI,Body Mass Index (kg/m2),BMXWAIST,Waist Circumference (cm),0.9328225308747892,4914,262.0,0.297421534782405,4.3331269648344164e-06,2028.5050149352332,-0.014854981577719686,0.8867281482599818,2049.8609643459877,4.3331269648344164e-06,1
diabetes_binary,Diabetes,LBXTC,Total Cholesterol (mg/dL),LBDLDL,LDL Cholesterol (mg/dL),0.9305272055401838,2806,403.0,-0.23106739925976996,4.850622153571576e-06,2292.9911579459294,-0.07526876328944636,0.38330697289534355,2312.4571100917756,4.850622153571576e-06,1
liver_condition_binary,Liver Condition,LBXSATSI,ALT Liver Enzyme (U/L),LBXSASSI,AST Liver Enzyme (U/L),0.7640238433648419,4887,269.0,0.13433330974832447,0.0015206496330925213,2078.7544090464,0.19929799532703815,5.894905302672335e-06,2069.316325626156,5.894905302672335e-06,0
heart_attack_binary,Heart Attack,systolic_bp,Systolic BP (mmHg),BMXWAIST,Waist Circumference (cm),0.4102883756778136,4750,222.0,0.2887141278593398,8.298410318999038e-06,1778.3610397906734,-0.05126268445906891,0.6543190531084031,1797.3270230399494,8.298410318999038e-06,1
stroke_binary,Stroke,systolic_bp,Systolic BP (mmHg),diastolic_bp,Diastolic BP (mmHg),0.48249120160045034,4987,239.0,-0.23945326716776377,1.5965403920654343e-05,1906.0647623869481,0.19769075234534014,0.011546393841918887,1917.0247137331337,1.5965403920654343e-05,1
high_cholesterol_binary,High Cholesterol,LBXTC,Total Cholesterol (mg/dL),LBDLDL,LDL Cholesterol (mg/dL),0.9305272055401838,2565,848.0,-0.16818306093963536,5.464622220050214e-05,3243.2009168603063,0.11908139554639618,0.05990685555331424,3256.020966720445,5.464622220050214e-05,1
liver_condition_binary,Liver Condition,LBXSCR,Creatinine Kidney (mg/dL),LBXSBU,BUN Kidney (mg/dL),0.5501150722438025,4899,270.0,0.2003197048072624,0.0002677163133236168,2081.8103698140903,0.17074574479746202,0.022417155067900225,2089.353347974542,0.0002677163133236168,1
stroke_binary,Stroke,LBXGH,"Glycohemoglobin (HbA1c, %)",LBXGLU,Fasting Glucose (mg/dL),0.8441732591799292,2429,115.0,-0.04561619945154248,0.6381377557092878,929.8139009090492,0.2822394404029263,0.001081372630163928,921.4527517226816,0.001081372630163928,0
heart_attack_binary,Heart Attack,LBXSCA,Calcium (mg/dL),LBXSAL,Albumin (g/dL),0.5113459502479462,4904,243.0,-0.20441102915525589,0.0012014027652384358,1927.864704238394,0.15193903772635142,0.11861011059274626,1935.7309570699717,0.0012014027652384358,1
thyroid_binary,Thyroid Problem,LBXTC,Total Cholesterol (mg/dL),LBDLDL,LDL Cholesterol (mg/dL),0.9305272055401838,2361,304.0,-0.1847576985361168,0.0013618134637006687,1807.4640067000719,-0.17707715529663456,0.08909929132806398,1814.265663069638,0.0013618134637006687,1
stroke_binary,Stroke,LBXTC,Total Cholesterol (mg/dL),LBDLDL,LDL Cholesterol (mg/dL),0.9305272055401838,2365,111.0,-0.2511009775083143,0.003126221309865616,891.823769582764,0.2809530250197599,0.018848133697872985,895.0322104918644,0.003126221309865616,1
arthritis_binary,Arthritis,LBXSATSI,ALT Liver Enzyme (U/L),LBXSASSI,AST Liver Enzyme (U/L),0.7640238433648419,4888,1519.0,0.08532135867139783,0.004757886449221761,6054.189076744468,-0.10083183377353205,0.02285041223542107,6056.257153752271,0.004757886449221761,1
depression_binary,Depression,LBXSCA,Calcium (mg/dL),LBXSAL,Albumin (g/dL),0.5113459502479462,790,410.0,-0.19228289008625535,0.008245785671860288,1090.909238891528,-0.194339563630627,0.08113777496014399,1094.953474299157,0.008245785671860288,1
liver_condition_binary,Liver Condition,LBXGH,"Glycohemoglobin (HbA1c, %)",LBXGLU,Fasting Glucose (mg/dL),0.8441732591799292,2423,135.0,0.20046693551145697,0.009791401280001394,1039.9067655566093,0.15710606113001246,0.0945601784716541,1043.5115227059725,0.009791401280001394,1
thyroid_binary,Thyroid Problem,BMXBMI,Body Mass Index (kg/m2),BMXWAIST,Waist Circumference (cm),0.9328225308747892,4916,573.0,0.11549705711204013,0.009973377670187682,3536.9481177625385,0.09038911827250071,0.19984985892620521,3542.015205678348,0.009973377670187682,1
thyroid_binary,Thyroid Problem,LBXSATSI,ALT Liver Enzyme (U/L),LBXSASSI,AST Liver Enzyme (U/L),0.7640238433648419,4888,597.0,0.06730154324196796,0.07204230917811304,3629.5012919913665,-0.21248078110885527,0.010171641462763172,3623.715528065157,0.010171641462763172,0
diabetes_binary,Diabetes,LBXSATSI,ALT Liver Enzyme (U/L),LBXSASSI,AST Liver Enzyme (U/L),0.7640238433648419,5878,800.0,-0.12025833206078526,0.012181264768536017,4673.603512935855,0.02045817235988202,0.6220213667313572,4680.556375206354,0.012181264768536017,1
hypertension_binary,Hypertension,LBXSATSI,ALT Liver Enzyme (U/L),LBXSASSI,AST Liver Enzyme (U/L),0.7640238433648419,5393,1895.0,0.06987932945557651,0.013220205215086704,6990.325965526756,0.043195665710653426,0.17911505584840837,6994.7513381970275,0.013220205215086704,1
liver_condition_binary,Liver Condition,systolic_bp,Systolic BP (mmHg),BMXWAIST,Waist Circumference (cm),0.4102883756778136,4745,252.0,0.15098307444914302,0.01594269689138724,1968.1354698787077,0.00071530458925158,0.9946155689128923,1973.8236632629696,0.01594269689138724,1
liver_condition_binary,Liver Condition,LBXSCA,Calcium (mg/dL),LBXSAL,Albumin (g/dL),0.5113459502479462,4899,270.0,-0.14207520772666493,0.019766240881089452,2088.619877708027,0.027370091704128692,0.7801941177942794,2093.8777521576526,0.019766240881089452,1
high_cholesterol_binary,High Cholesterol,LBXSATSI,ALT Liver Enzyme (U/L),LBXSASSI,AST Liver Enzyme (U/L),0.7640238433648419,5371,1758.0,-0.05692917754069426,0.07208770083651148,6792.291826456001,-0.08906813395863108,0.027018568423945365,6790.1569890567425,0.027018568423945365,0
stroke_binary,Stroke,LBXSATSI,ALT Liver Enzyme (U/L),LBXSASSI,AST Liver Enzyme (U/L),0.7640238433648419,4894,239.0,0.10385107363231634,0.027323641082404725,1909.4241670355752,-0.09887095020864203,0.344505415014018,1912.2811594976763,0.027323641082404725,1
stroke_binary,Stroke,systolic_bp,Systolic BP (mmHg),BMXWAIST,Waist Circumference (cm),0.4102883756778136,4750,216.0,0.14178811166688354,0.035665173792454576,1756.8489738832172,0.1101660121938988,0.3184722677162708,1760.2006890326093,0.035665173792454576,1
depression_binary,Depression,systolic_bp,Systolic BP (mmHg),BMXWAIST,Waist Circumference (cm),0.4102883756778136,772,392.0,0.14859346831053963,0.04087678187219059,1069.8156224060908,0.11783307786317594,0.3228205302459941,1073.0524222069685,0.04087678187219059,1
depression_binary,Depression,BMXBMI,Body Mass Index (kg/m2),BMXWAIST,Waist Circumference (cm),0.9328225308747892,793,403.0,0.14315967860331769,0.04557357600380062,1099.0912192512742,0.016302638751753064,0.8902370965637327,1103.0992570481924,0.04557357600380062,1
