outcome_name,marker1_name,marker2_name,anomaly_type,gate,n_samples,n11,n10,n01,n00,p00,p10,p01,p11,age00,age10,age01,age11,or10,or01,or11,beta1,p1,beta2,p2,beta3_adjusted,p3_adjusted,beta_age,p_age,beta_sex,p_sex,p3_fdr,p3_bonferroni,survives_fdr,survives_bonferroni
Diabetes,Fasting Glucose (mg/dL),Insulin (uIU/mL),High-High,OR,2823,72,209,211,2331,0.0669,0.7943,0.1754,0.7222,44.6,62.5,39.4,57.2,53.207,2.987,35.6,3.6667,1.5337073872038184e-74,1.5492,2.358859599111995e-12,-1.6713,3.047758942921425e-05,0.0577,7.349018959413283e-38,-0.0676,0.6302797162665954,0.36072560027578626,0.36573107315057096,False,False
Diabetes,Insulin (uIU/mL),ALT Liver Enzyme (U/L),High-High,OR,2818,68,214,207,2329,0.1202,0.3551,0.2029,0.1912,46.0,44.7,45.7,41.9,4.036,1.876,1.777,1.8286,3.207152833753936e-23,0.8861,1.2995630198003706e-05,-1.6983,6.012093337929771e-05,0.063,1.9787031833452882e-61,-0.2028,0.08865964153019436,0.36072560027578626,0.7214512005515725,False,False
Diabetes,"Glycohemoglobin (HbA1c, %)",Fasting Glucose (mg/dL),High-High,OR,2885,221,49,63,2552,0.0603,0.8367,0.5397,0.8462,43.7,66.6,62.2,60.6,75.795,18.156,84.371,3.7741,1.2371773934371831e-20,2.3937,5.4193773129336206e-17,-1.98,0.00016977711274701439,0.0518,3.5486108921730185e-29,-0.1151,0.43734061567510973,0.6791084509880575,1.0,False,False
Stroke,BUN Kidney (mg/dL),Sodium (mmol/L),Low-Low,AND,4906,41,318,340,4207,0.0504,0.022,0.0412,0.1463,52.1,41.9,53.9,42.0,0.453,0.835,3.443,-0.2107,0.5956502831874536,-0.3155,0.27118379815219684,2.4442,0.0002728240698455019,0.0583,1.1009367512566141e-31,0.1032,0.4478936648364257,0.8184722095365057,1.0,False,False
Diabetes,LDL Cholesterol (mg/dL),Sodium (mmol/L),High-Low,AND,2796,30,247,152,2367,0.1432,0.0972,0.1842,0.3667,45.0,53.8,45.5,49.7,0.655,1.368,3.524,-0.757,0.0010326286516832174,0.3025,0.20641211187688557,1.8658,0.00036123437969354146,0.0589,1.1755658978156478e-59,-0.2463,0.03504338207987849,0.8512863711141452,1.0,False,False
Diabetes,LDL Cholesterol (mg/dL),Creatinine Kidney (mg/dL),High-Low,AND,2795,14,263,258,2260,0.1469,0.1027,0.1357,0.5714,46.1,53.5,34.8,51.6,0.674,0.921,7.585,-0.6367,0.003870354675292201,0.7869,0.00036878981713878996,2.2846,0.00045554930003926646,0.0607,1.0937777784037651e-60,-0.3918,0.001341523650059174,0.8512863711141452,1.0,False,False
Heart Attack,Albumin (g/dL),Hemoglobin (g/dL),Low-Low,AND,4904,116,229,341,4218,0.0503,0.0437,0.0235,0.1121,51.1,53.5,53.9,54.0,0.902,0.481,2.459,-0.252,0.4606516643337716,-0.9015,0.016110993039050482,2.0616,0.0004965837164832514,0.0654,4.7571150254334865e-36,-0.9223,3.62112702612515e-10,0.8512863711141452,1.0,False,False
Diabetes,Body Mass Index (kg/m2),"Glycohemoglobin (HbA1c, %)",High-High,OR,5947,99,488,472,4888,0.0554,0.127,0.8199,0.7475,43.5,44.4,62.9,54.0,2.492,77.08,49.688,1.1696,2.5722041789374576e-13,3.9915,1.3046498795302805e-173,-1.0752,0.0007005523831122818,0.0556,4.999035100134932e-62,-0.3998,0.00015003323385455033,0.9188816685135497,1.0,False,False
Arthritis,hs-CRP Inflammation (mg/L),WBC Count (10^3/uL),High-High,XOR,4892,116,371,357,4048,0.2982,0.442,0.3109,0.319,51.7,52.5,47.6,51.6,1.866,1.064,1.11,0.6846,2.450627812375153e-08,0.3489,0.010012486099684517,-0.9527,0.0007613419142750501,0.0641,8.226741401625995e-166,0.486,4.412767396698323e-12,0.9188816685135497,1.0,False,False
High Cholesterol,Creatinine Kidney (mg/dL),Calcium (mg/dL),High-Low,XNOR,5386,69,451,460,4406,0.318,0.4368,0.2717,0.5797,46.5,63.1,48.2,62.0,1.664,0.802,2.944,-0.3263,0.0039024646347110225,-0.283,0.017223836506236812,1.0325,0.0007657347237612915,0.0556,8.98376512723181e-177,-0.0824,0.20999683783330647,0.9188816685135497,1.0,False,False
Thyroid Problem,Waist Circumference (cm),AST Liver Enzyme (U/L),Low-Low,AND,4634,46,415,360,3813,0.1238,0.0675,0.125,0.2391,52.8,40.2,47.7,39.6,0.52,1.02,2.291,-0.4958,0.018385012219623235,-0.0512,0.7685936027327112,1.5071,0.000842574365756863,0.0387,2.9000598943131344e-37,1.252,2.2062358586267218e-32,0.9191720353711232,1.0,False,False
Thyroid Problem,Diastolic BP (mmHg),Albumin (g/dL),High-High,AND,4672,41,380,425,3826,0.1286,0.1105,0.0635,0.2195,52.4,52.3,43.3,47.7,0.85,0.467,1.979,0.0877,0.6199685013017265,-0.2157,0.3126496081343456,1.5832,0.0010631054065627997,0.0402,2.83778522907076e-41,1.2061,6.5801994334641325e-31,1.0,1.0,False,False
Diabetes,Systolic BP (mmHg),Hemoglobin (g/dL),TwoSided-TwoSided,AND,6297,225,978,980,4114,0.1184,0.1166,0.1276,0.24,41.9,42.2,43.3,48.4,0.986,1.092,2.365,-0.2315,0.054229714858163275,0.0015,0.9893712955179852,0.7581,0.0012621283832283164,0.0566,3.038641087537773e-119,-0.3293,7.847181395160713e-05,1.0,1.0,False,False
Thyroid Problem,Fasting Glucose (mg/dL),hs-CRP Inflammation (mg/L),High-High,AND,2374,37,199,200,1938,0.1249,0.1206,0.125,0.3784,50.2,61.7,50.8,60.5,0.977,1.016,4.317,-0.2516,0.290213735954585,-0.1337,0.5649642089570615,1.5477,0.0013735382637203918,0.0397,2.638607135407942e-22,1.3563,2.4158852165959022e-20,1.0,1.0,False,False
Hypertension,"Glycohemoglobin (HbA1c, %)",HDL Cholesterol (mg/dL),Low-High,XNOR,5432,50,337,490,4555,0.3664,0.1484,0.3408,0.38,48.9,33.3,53.5,44.0,0.304,0.895,1.07,-0.4096,0.017999392856747756,-0.4107,0.00029145937839022686,1.2442,0.0014505426139746899,0.0599,6.433973435627865e-203,-0.0082,0.9004966765520749,1.0,1.0,False,False
Hypertension,Systolic BP (mmHg),Uric Acid (mg/dL),High-High,OR,5146,73,442,412,4219,0.2899,0.7059,0.5607,0.7123,45.9,66.0,51.7,65.7,5.865,3.124,5.98,0.9424,1.5219317946936742e-15,1.0792,1.949616992805547e-19,-1.0101,0.001501196317918339,0.0559,1.457649996528922e-163,0.0179,0.7932914727195042,1.0,1.0,False,False
Hypertension,"Glycohemoglobin (HbA1c, %)",Fasting Glucose (mg/dL),TwoSided-TwoSided,AND,2652,242,203,256,1951,0.3424,0.2759,0.3008,0.595,48.7,42.5,44.4,56.7,0.735,0.829,2.817,-0.0544,0.7698520574604278,-0.0171,0.9160564062249503,0.8791,0.0017364033384270592,0.0552,2.1439934992627576e-91,0.0513,0.5745780103955026,1.0,1.0,False,False
Heart Attack,"Glycohemoglobin (HbA1c, %)",Calcium (mg/dL),TwoSided-TwoSided,AND,4900,124,657,648,3471,0.0475,0.0548,0.0386,0.1371,50.8,51.9,53.8,57.4,1.173,0.817,3.252,0.024,0.9025281901988444,-0.3501,0.11967423940321273,1.241,0.001785635208771135,0.0643,1.7632604743678607e-35,-0.922,2.9154030851444555e-10,1.0,1.0,False,False
Heart Attack,"Glycohemoglobin (HbA1c, %)",Potassium (mmol/L),Low-Low,AND,4900,18,288,288,4306,0.0525,0.0139,0.0347,0.1667,52.3,38.8,52.1,43.9,0.285,0.679,4.068,-0.7113,0.16997378100679916,-0.1879,0.5774279615066397,2.8802,0.0018602732867286412,0.0642,4.574255364367195e-35,-0.9296,1.9526430300145926e-10,1.0,1.0,False,False
Stroke,Triglycerides (mg/dL),hs-CRP Inflammation (mg/L),High-High,AND,2376,26,211,212,1927,0.0467,0.0284,0.0425,0.2308,51.4,50.4,52.0,54.1,0.642,0.948,6.438,-0.3688,0.39713429861191674,-0.0623,0.863846600285648,2.3064,0.001900591850168956,0.0574,1.982227831875261e-15,0.1348,0.5045318276591322,1.0,1.0,False,False
Arthritis,hs-CRP Inflammation (mg/L),WBC Count (10^3/uL),TwoSided-TwoSided,XOR,4892,244,717,692,3239,0.3041,0.325,0.3382,0.2746,52.1,48.9,51.3,50.6,1.103,1.17,0.87,0.2901,0.0035837872350860636,0.2371,0.01778575161746801,-0.6398,0.0020253280555968,0.0638,2.353146402287414e-166,0.5035,5.875945366786587e-13,1.0,1.0,False,False
Hypertension,Systolic BP (mmHg),Sodium (mmol/L),High-Low,OR,5149,36,479,355,4279,0.3066,0.7161,0.4028,0.5833,46.2,65.8,48.3,68.2,5.69,1.527,3.136,0.9387,2.8876360909447354e-16,0.414,0.0010964907578871696,-1.205,0.0021834508076499035,0.0563,1.3441273444204408e-167,-0.0803,0.22916109018477704,1.0,1.0,False,False
Hypertension,Diastolic BP (mmHg),Uric Acid (mg/dL),High-High,OR,5146,71,410,414,4251,0.3044,0.5878,0.587,0.5634,47.4,52.1,54.7,48.4,3.255,3.244,2.937,1.2157,1.8766129394214882e-26,1.0841,1.3271405050838298e-18,-0.9215,0.0023290657831378384,0.0606,1.4021759863633942e-190,0.1096,0.11199839176171152,1.0,1.0,False,False
Liver Condition,"Glycohemoglobin (HbA1c, %)",Creatinine Kidney (mg/dL),High-Low,AND,4897,74,399,414,4010,0.0544,0.0727,0.029,0.1486,51.0,62.6,44.9,55.7,1.382,0.539,3.143,0.08,0.7010217077347423,-0.4238,0.1712878979835405,1.4769,0.002362206197615845,0.0212,3.0912963559205916e-08,-0.1964,0.13410694818471683,1.0,1.0,False,False
Liver Condition,Body Mass Index (kg/m2),Triglycerides (mg/dL),High-High,AND,2343,29,206,204,1904,0.0536,0.0534,0.0392,0.2414,51.9,47.8,51.2,47.4,1.034,0.761,5.862,0.1999,0.5470921582267485,-0.3731,0.3222918758022062,1.9958,0.002399840098111251,0.0195,0.00035729278794577107,-0.4574,0.01520761254925367,1.0,1.0,False,False
Liver Condition,Systolic BP (mmHg),Insulin (uIU/mL),High-High,AND,2260,20,203,205,1832,0.0573,0.0443,0.039,0.2,49.8,67.0,49.5,55.8,0.8,0.705,4.466,-0.6075,0.0958315753421522,-0.3978,0.28977693201179544,2.3075,0.002425018573207468,0.0236,3.2758068136566925e-05,-0.303,0.10399063089007647,1.0,1.0,False,False
Arthritis,Sodium (mmol/L),WBC Count (10^3/uL),High-High,AND,4900,29,267,444,4160,0.3087,0.3446,0.295,0.5862,51.5,56.5,48.3,52.6,1.18,0.939,3.135,-0.1702,0.24592211055255908,0.1107,0.3682584097098558,1.3996,0.002449951679723552,0.064,2.743819462730355e-166,0.5122,2.349231371514687e-13,1.0,1.0,False,False
Heart Attack,Hemoglobin (g/dL),WBC Count (10^3/uL),High-High,AND,5018,58,390,422,4148,0.0485,0.0359,0.0521,0.1552,52.2,48.7,48.9,45.8,0.754,1.101,3.76,-0.4532,0.11994112771422276,0.3267,0.17485302013735793,1.62,0.002574929197167118,0.0648,3.259579565502951e-36,-0.9684,5.953255783422814e-11,1.0,1.0,False,False
Heart Attack,AST Liver Enzyme (U/L),Alkaline Phosphatase (U/L),High-Low,AND,4892,24,429,437,4002,0.0515,0.0536,0.0229,0.1667,52.2,50.9,46.0,48.5,1.063,0.452,4.036,0.0785,0.7372277552540912,-0.659,0.04999920700222128,2.1805,0.0026088539488628745,0.0647,9.19706055675454e-36,-0.9359,1.4737508857630058e-10,1.0,1.0,False,False
Diabetes,Insulin (uIU/mL),Creatinine Kidney (mg/dL),High-Low,OR,2819,34,248,240,2297,0.1228,0.3387,0.1667,0.1471,47.1,45.3,35.8,34.6,3.665,1.441,1.33,1.7301,2.1887045597744342e-23,1.3334,1.1747798053110838e-09,-1.7829,0.0026146572379869898,0.065,1.2930107860334254e-63,-0.3732,0.002562169251450563,1.0,1.0,False,False
Liver Condition,Creatinine Kidney (mg/dL),WBC Count (10^3/uL),High-Low,AND,4898,52,425,411,4010,0.0541,0.0541,0.0487,0.1731,50.0,63.4,52.3,64.3,1.018,0.913,3.809,-0.357,0.12668036020567397,-0.1716,0.4759904664722173,1.4739,0.002653032683926609,0.0225,4.8057893893965645e-09,-0.229,0.07472321638321745,1.0,1.0,False,False
Heart Attack,Hemoglobin (g/dL),WBC Count (10^3/uL),TwoSided-TwoSided,AND,5018,194,720,763,3341,0.0467,0.0333,0.0603,0.1031,51.7,51.4,51.1,51.3,0.716,1.319,2.391,-0.4965,0.030309767031114956,0.3024,0.09225548521591902,1.1196,0.0028470845201041864,0.0647,2.859687136319003e-36,-0.9816,1.6449458990041437e-11,1.0,1.0,False,False
Stroke,Fasting Glucose (mg/dL),Potassium (mmol/L),Low-Low,AND,2382,18,210,210,1944,0.0484,0.0238,0.0476,0.2778,52.6,40.2,51.6,48.8,0.524,1.025,7.978,-0.1625,0.7334701796215404,0.0703,0.8404781323751117,2.4475,0.002898538806307365,0.058,5.291002016317777e-16,0.2039,0.3078669167095288,1.0,1.0,False,False
Diabetes,Total Cholesterol (mg/dL),Creatinine Kidney (mg/dL),High-Low,AND,5893,46,544,504,4799,0.1392,0.0993,0.129,0.2609,45.7,54.1,33.9,44.1,0.687,0.921,2.239,-0.6198,6.221221411299771e-05,0.7808,1.004428273086451e-06,1.2243,0.003096733590875772,0.0584,1.2329596697027476e-118,-0.4274,5.676318526046176e-07,1.0,1.0,False,False
High Cholesterol,"Glycohemoglobin (HbA1c, %)",Total Cholesterol (mg/dL),TwoSided-TwoSided,OR,5410,219,682,861,3648,0.29,0.3842,0.4135,0.4201,47.6,49.1,49.1,52.4,1.528,1.726,1.776,0.4172,1.5741766153260335e-05,0.5632,1.4231342426830356e-10,-0.5812,0.0031682566451486246,0.0544,2.2854725332928765e-180,-0.0361,0.5768317016217503,1.0,1.0,False,False
Thyroid Problem,Potassium (mmol/L),Platelet Count (10^3/uL),High-Low,AND,4898,70,411,416,4001,0.122,0.1314,0.0986,0.2429,49.6,59.0,59.5,66.5,1.096,0.795,2.353,-0.0316,0.8465195927081731,-0.3452,0.05397871302101192,1.1051,0.003192621613805114,0.0398,2.8930524912129136e-42,1.1929,3.379837569681229e-31,1.0,1.0,False,False
Arthritis,HDL Cholesterol (mg/dL),Creatinine Kidney (mg/dL),High-Low,XNOR,4898,55,414,432,3997,0.3205,0.3068,0.2245,0.3273,51.7,55.6,46.4,47.1,0.94,0.616,1.046,-0.5127,5.095084723281666e-05,-0.4854,0.0003113568658848856,1.069,0.003451179604600428,0.0637,1.789035913878933e-164,0.6156,5.190124427326592e-17,1.0,1.0,False,False
Heart Attack,Systolic BP (mmHg),Calcium (mg/dL),Low-High,AND,4671,30,403,406,3832,0.0504,0.0298,0.0419,0.2,52.3,38.6,57.3,48.7,0.601,0.845,4.99,0.55,0.08797313753695243,-0.338,0.20387493404625012,1.8565,0.00363149136784505,0.0668,2.0279997536801986e-34,-1.0407,1.860450933006088e-11,1.0,1.0,False,False
High Cholesterol,"Glycohemoglobin (HbA1c, %)",Fasting Glucose (mg/dL),TwoSided-TwoSided,AND,2634,239,203,258,1934,0.3185,0.2414,0.2984,0.5565,48.6,42.5,44.4,56.8,0.685,0.913,2.681,-0.1671,0.38174603297358534,0.0905,0.5747808927812849,0.8167,0.0038308683914627115,0.0533,5.214872807021735e-84,0.0424,0.6460503703806895,1.0,1.0,False,False
Diabetes,LDL Cholesterol (mg/dL),Albumin (g/dL),Low-Low,OR,2796,25,254,184,2333,0.1204,0.2638,0.2554,0.28,45.4,44.8,50.1,61.2,2.625,2.519,2.956,1.0012,1.8679719162771862e-08,0.9063,5.498791650812466e-06,-1.5602,0.004031609648233878,0.0568,1.1777650252753112e-56,-0.2958,0.012782597667830672,1.0,1.0,False,False
Thyroid Problem,Total Cholesterol (mg/dL),Platelet Count (10^3/uL),Low-Low,AND,4921,67,414,418,4022,0.1233,0.1208,0.0981,0.2537,50.4,51.5,59.8,65.1,0.984,0.781,2.461,0.1236,0.45821184274052285,-0.3464,0.05275812758459782,1.0843,0.004084550935788098,0.0397,1.9006988627032474e-43,1.2053,6.297861761275789e-32,1.0,1.0,False,False
Thyroid Problem,"Glycohemoglobin (HbA1c, %)",Platelet Count (10^3/uL),High-Low,AND,5002,62,420,431,4089,0.1225,0.1262,0.1021,0.2258,49.5,61.0,59.8,65.1,1.042,0.822,2.139,-0.238,0.13770034046073834,-0.3237,0.06294882158035196,1.123,0.004179336411794355,0.0407,3.750045987482026e-45,1.1875,4.716805729959218e-32,1.0,1.0,False,False
Heart Attack,Waist Circumference (cm),WBC Count (10^3/uL),Low-High,AND,4753,30,446,441,3836,0.0498,0.0045,0.0544,0.1,52.8,40.3,48.4,43.3,0.107,1.117,2.423,-1.6815,0.019204071705758833,0.3972,0.08738263651915398,2.8487,0.0045832862050294715,0.0647,5.775715391829173e-32,-1.0049,1.4957585140068195e-10,1.0,1.0,False,False
High Cholesterol,Creatinine Kidney (mg/dL),Hemoglobin (g/dL),High-Low,XNOR,5385,97,422,392,4474,0.3185,0.4194,0.2551,0.6186,46.7,61.2,46.3,70.4,1.547,0.735,3.451,-0.3042,0.009441711272259432,-0.325,0.01574628671034933,0.7835,0.004600931898153468,0.0553,8.066125857851072e-175,-0.0745,0.26602519844370864,1.0,1.0,False,False
Diabetes,HDL Cholesterol (mg/dL),Calcium (mg/dL),High-High,AND,5891,40,522,373,4956,0.1404,0.0709,0.1501,0.25,45.0,50.6,44.0,56.6,0.472,1.089,2.106,-1.0329,1.852246853335258e-08,-0.005,0.9757921767023692,1.2953,0.004744955809261389,0.0569,1.0995683202987353e-114,-0.2624,0.0015675881515387598,1.0,1.0,False,False
Diabetes,Creatinine Kidney (mg/dL),Uric Acid (mg/dL),High-High,OR,5897,167,419,363,4948,0.1128,0.3126,0.1818,0.2695,43.4,61.7,47.1,64.3,3.583,1.757,2.92,0.486,0.00012223356864676205,0.4183,0.006448295409309352,-0.7328,0.005355451484856523,0.054,4.725641315050491e-101,-0.2471,0.003576010689815703,1.0,1.0,False,False
Thyroid Problem,Fasting Glucose (mg/dL),Alkaline Phosphatase (U/L),Low-Low,AND,2378,32,196,196,1954,0.1351,0.0714,0.1071,0.2188,52.8,41.0,49.7,38.5,0.508,0.783,1.88,-0.4456,0.13587627926170223,-0.1931,0.440571391226135,1.6159,0.005387782638590497,0.0401,4.052286125275339e-22,1.3632,1.139592182402606e-20,1.0,1.0,False,False
Liver Condition,Insulin (uIU/mL),Sodium (mmol/L),TwoSided-TwoSided,AND,2375,63,413,249,1650,0.0576,0.0436,0.0402,0.1429,51.6,48.4,53.9,56.3,0.762,0.714,2.839,-0.2385,0.36744670187907313,-0.4028,0.2376746102460623,1.5403,0.005417424042933535,0.0198,0.0002209803898576468,-0.336,0.06489053437458688,1.0,1.0,False,False
Diabetes,"Glycohemoglobin (HbA1c, %)",Insulin (uIU/mL),High-High,OR,2820,64,202,218,2336,0.0651,0.8416,0.1606,0.8438,44.6,62.4,39.3,59.8,75.149,2.771,74.351,4.0503,2.3958875206700596e-75,1.4724,4.949337743756835e-11,-1.3034,0.005550526786594463,0.0582,1.6049507666237906e-35,-0.1835,0.207785597048475,1.0,1.0,False,False
Hypertension,Body Mass Index (kg/m2),WBC Count (10^3/uL),High-High,OR,5452,110,433,431,4478,0.3287,0.5012,0.3828,0.4,48.5,47.4,46.8,44.0,2.051,1.268,1.366,1.0562,6.161922820316095e-20,0.4536,0.00015840478667298374,-0.7337,0.0061521792126718305,0.0623,8.305800628117829e-213,-0.1167,0.07403218905823972,1.0,1.0,False,False
Liver Condition,Insulin (uIU/mL),Sodium (mmol/L),Low-Low,AND,2375,16,222,141,1996,0.0566,0.036,0.0496,0.25,51.7,48.6,51.2,56.5,0.658,0.925,5.974,-0.4354,0.24482422668132053,-0.129,0.7477651868529049,2.1816,0.006186613314790485,0.0196,0.00022726572964393066,-0.3586,0.04872480203187014,1.0,1.0,False,False
Heart Attack,hs-CRP Inflammation (mg/L),WBC Count (10^3/uL),High-Low,AND,4896,30,457,432,3977,0.0475,0.0438,0.0625,0.2333,51.1,52.2,53.8,52.7,0.937,1.356,6.38,0.0101,0.967625752513442,0.1782,0.4172364874017711,1.592,0.006295483605696002,0.0646,8.695688593537928e-36,-0.9121,4.345689189066487e-10,1.0,1.0,False,False
Hypertension,LDL Cholesterol (mg/dL),Potassium (mmol/L),High-Low,AND,2573,30,224,208,2111,0.3472,0.3259,0.4423,0.6667,47.9,54.2,49.1,53.0,0.912,1.492,3.669,-0.4074,0.011854654217082244,0.4563,0.00553397675844609,1.2617,0.00666825076734387,0.0572,9.887505466753754e-95,-0.0141,0.8796813184782593,1.0,1.0,False,False
Arthritis,Body Mass Index (kg/m2),HDL Cholesterol (mg/dL),High-Low,XOR,4849,72,408,376,3993,0.294,0.4608,0.3005,0.2917,51.8,48.7,50.5,46.9,2.052,1.034,1.002,1.0724,4.490673067338819e-19,0.3114,0.019465064205705623,-0.9013,0.0067387207931453455,0.0664,6.848036064731823e-167,0.4816,2.7538278568772986e-11,1.0,1.0,False,False
Liver Condition,Diastolic BP (mmHg),"Glycohemoglobin (HbA1c, %)",Low-High,AND,4764,56,396,405,3907,0.0543,0.0278,0.0716,0.1429,50.2,53.7,60.5,68.9,0.519,1.363,3.048,-0.8028,0.011148434173585913,0.0849,0.683635278543451,1.4303,0.007177445023461011,0.0216,5.394457692889053e-08,-0.207,0.10848618451946557,1.0,1.0,False,False
Heart Attack,Waist Circumference (cm),Triglycerides (mg/dL),High-Low,AND,2264,10,217,206,1831,0.0519,0.0553,0.0097,0.2,52.1,50.5,43.4,50.2,1.106,0.222,5.348,0.192,0.557689043296875,-1.5007,0.03930982143602413,3.1708,0.007531972352334795,0.0667,2.918671085597691e-17,-0.8495,7.486220871676799e-05,1.0,1.0,False,False
Diabetes,Waist Circumference (cm),HDL Cholesterol (mg/dL),TwoSided-TwoSided,AND,6418,226,1051,951,4190,0.106,0.1142,0.1272,0.2434,42.3,28.3,47.9,36.6,1.09,1.233,2.728,0.8366,2.2230600645410944e-11,0.0186,0.8743340641836569,0.6515,0.007851941603828884,0.0636,1.82520376387537e-134,-0.2835,0.0010080061420660307,1.0,1.0,False,False
High Cholesterol,Diastolic BP (mmHg),ALT Liver Enzyme (U/L),High-Low,AND,5125,18,494,397,4216,0.3375,0.3664,0.2091,0.5556,48.5,51.4,42.3,51.3,1.136,0.521,2.424,0.0791,0.4525573452100419,-0.5404,0.00021275256888397552,1.4275,0.007882950417697276,0.0556,2.935407565166678e-174,-0.0459,0.4912504989144403,1.0,1.0,False,False
Liver Condition,Fasting Glucose (mg/dL),hs-CRP Inflammation (mg/L),Low-Low,AND,2372,31,196,203,1942,0.0582,0.0204,0.0542,0.129,52.9,41.4,48.6,37.3,0.377,0.963,2.638,-0.8376,0.10615339016142823,-0.0234,0.9430231932279226,2.1412,0.008233904616365096,0.0201,0.00020906568415747024,-0.3595,0.04880688658886519,1.0,1.0,False,False
Diabetes,Hemoglobin (g/dL),WBC Count (10^3/uL),High-Low,XNOR,7524,43,656,653,6172,0.1121,0.1037,0.0781,0.1628,36.8,43.8,40.5,43.2,0.921,0.676,1.626,-0.387,0.008264608380899548,-0.6619,3.834637320829055e-05,1.2884,0.008353442694134967,0.059,2.3291903051196445e-150,-0.378,6.176860841927974e-06,1.0,1.0,False,False
Stroke,"Glycohemoglobin (HbA1c, %)",Sodium (mmol/L),TwoSided-TwoSided,AND,4905,139,642,538,3586,0.0455,0.0452,0.0558,0.1223,50.8,52.4,54.1,54.3,1.007,1.256,2.991,-0.0776,0.7116316645623256,0.0495,0.8124720076618569,1.0266,0.008700702661363793,0.057,1.8101243808228559e-31,0.1252,0.35855508296305594,1.0,1.0,False,False
Thyroid Problem,HDL Cholesterol (mg/dL),AST Liver Enzyme (U/L),High-Low,AND,4884,20,449,416,3999,0.1215,0.1114,0.1322,0.3,51.6,55.0,47.2,46.9,0.913,1.109,3.237,-0.5667,0.0005794142613003954,0.0275,0.8633121734420238,1.4756,0.008731446124522658,0.041,2.835133965652292e-45,1.2394,1.1246209585825752e-33,1.0,1.0,False,False
Stroke,Sodium (mmol/L),Albumin (g/dL),TwoSided-TwoSided,AND,4909,135,542,699,3533,0.0456,0.0554,0.0443,0.1259,51.8,55.2,47.3,49.8,1.243,0.984,3.084,0.0471,0.821239918798975,0.1464,0.4759907651209654,1.0269,0.008775597240920755,0.0574,4.570798362660874e-32,0.1188,0.3826420128790221,1.0,1.0,False,False
Hypertension,Creatinine Kidney (mg/dL),BUN Kidney (mg/dL),TwoSided-TwoSided,AND,5408,330,689,548,3841,0.3228,0.3788,0.3668,0.6,47.0,50.5,48.6,58.9,1.28,1.216,3.142,0.096,0.3175853323239508,0.1042,0.3415742347288616,0.5016,0.008860186463552583,0.059,6.511292589770135e-201,-0.0479,0.4605437686913664,1.0,1.0,False,False
Thyroid Problem,Body Mass Index (kg/m2),Uric Acid (mg/dL),High-Low,AND,4824,23,458,460,3883,0.121,0.1114,0.1217,0.3043,52.4,48.7,45.8,43.6,0.917,1.013,3.298,-0.1323,0.41721544491231266,-0.1085,0.49454990367612617,1.3505,0.009029038179271883,0.0394,6.930260839832509e-41,1.216,1.2862487216565466e-31,1.0,1.0,False,False
Liver Condition,Total Cholesterol (mg/dL),BUN Kidney (mg/dL),High-Low,AND,4895,37,443,320,4095,0.0554,0.0542,0.0406,0.1622,52.0,54.8,41.3,47.4,0.993,0.747,3.509,-0.0473,0.8310263794663107,-0.0325,0.9127849350573164,1.4966,0.009389705714104033,0.0224,3.92408814951555e-09,-0.2245,0.07757754833723952,1.0,1.0,False,False
Liver Condition,Creatinine Kidney (mg/dL),Sodium (mmol/L),High-High,AND,4901,37,441,258,4165,0.0535,0.059,0.0543,0.1892,49.9,63.3,54.8,65.5,1.125,1.046,4.338,-0.2523,0.25624940910695415,-0.0822,0.7729162244234319,1.4133,0.009929301840023174,0.0225,5.5860450392648225e-09,-0.2203,0.08569118706419311,1.0,1.0,False,False
Hypertension,Diastolic BP (mmHg),LDL Cholesterol (mg/dL),High-Low,OR,2454,13,226,227,1988,0.3164,0.6239,0.4273,0.5385,47.9,50.4,51.5,66.3,3.574,1.614,2.492,1.4232,1.113115684779801e-19,0.3285,0.04694638144572019,-1.6332,0.01008351236745648,0.0568,1.6180930697539828e-85,0.1024,0.2870396531259055,1.0,1.0,False,False
Thyroid Problem,Insulin (uIU/mL),HDL Cholesterol (mg/dL),High-Low,AND,2377,54,184,164,1975,0.1301,0.1196,0.0915,0.2222,51.6,51.5,51.8,44.0,0.924,0.692,1.963,-0.065,0.7932423694258423,0.0918,0.7543981890302383,1.3099,0.010198633511908318,0.0418,3.785332070839097e-24,1.4083,4.560710850649131e-21,1.0,1.0,False,False
High Cholesterol,Insulin (uIU/mL),ALT Liver Enzyme (U/L),High-High,XOR,2576,64,194,187,2131,0.3196,0.4124,0.4332,0.3125,48.9,48.1,46.1,42.5,1.496,1.629,0.98,0.546,0.001394681336030568,0.8095,2.827893177282657e-06,-0.9633,0.010378264607912755,0.0559,2.5208149402841386e-88,0.062,0.5100699113639062,1.0,1.0,False,False
Stroke,Systolic BP (mmHg),Total Cholesterol (mg/dL),TwoSided-TwoSided,OR,4694,193,692,738,3071,0.0374,0.0737,0.0637,0.0518,50.8,52.0,53.2,56.3,2.055,1.758,1.465,0.614,0.0006345672407498625,0.4463,0.01416582765926608,-1.038,0.010439972671130858,0.0543,1.3385581703239401e-27,0.0331,0.8158472757490207,1.0,1.0,False,False
Thyroid Problem,Fasting Glucose (mg/dL),Potassium (mmol/L),Low-High,AND,2378,10,219,153,1996,0.1328,0.0822,0.1307,0.4,51.9,39.9,60.4,60.7,0.599,1.001,4.515,-0.2577,0.33634562515801036,-0.043,0.8708996476254818,2.0208,0.01050132984444496,0.0391,2.5270574947544804e-21,1.3869,5.746986665413907e-21,1.0,1.0,False,False
Hypertension,Creatinine Kidney (mg/dL),Uric Acid (mg/dL),High-High,OR,5408,151,375,359,4523,0.3038,0.6187,0.5097,0.7351,46.6,61.9,48.7,65.9,3.713,2.382,6.308,0.7644,2.0850038142222962e-09,1.0201,1.1129064402899599e-15,-0.67,0.010898680758074075,0.0579,2.9446416420516147e-187,0.1441,0.03477958893527008,1.0,1.0,False,False
Diabetes,ALT Liver Enzyme (U/L),hs-CRP Inflammation (mg/L),TwoSided-TwoSided,XOR,5882,267,846,895,3874,0.1347,0.1371,0.1475,0.1011,48.2,41.6,40.3,35.7,1.023,1.113,0.734,0.3963,0.0009720038781920679,0.5213,6.803179764217311e-06,-0.6926,0.011019645133533266,0.0575,2.805904758881331e-116,-0.3494,2.0945976818848082e-05,1.0,1.0,False,False
Hypertension,ALT Liver Enzyme (U/L),Alkaline Phosphatase (U/L),High-Low,AND,5409,23,503,469,4414,0.3595,0.3579,0.2559,0.5652,49.3,43.4,44.4,45.0,0.994,0.614,2.29,0.4235,0.0001474488710295518,-0.2652,0.03401065154389855,1.2194,0.011151150934445955,0.061,2.1131491676902078e-209,-0.0058,0.9296389772123899,1.0,1.0,False,False
Hypertension,Insulin (uIU/mL),AST Liver Enzyme (U/L),High-High,OR,2585,52,206,195,2132,0.333,0.5097,0.4462,0.4423,48.6,46.6,50.4,48.7,2.081,1.615,1.595,1.0516,3.1376059801095157e-10,0.5154,0.0023263390981715436,-0.9817,0.011523682989561636,0.0577,1.7694354916256656e-95,0.0666,0.47405142102999465,1.0,1.0,False,False
Heart Attack,"Glycohemoglobin (HbA1c, %)",Hemoglobin (g/dL),Low-High,AND,5005,29,284,418,4274,0.0512,0.0141,0.0455,0.1034,52.7,39.1,48.9,39.1,0.296,0.902,2.44,-0.6739,0.19392496262642234,-0.2496,0.32911941775549214,2.1873,0.0117166562246378,0.0635,9.548460216710461e-35,-0.9648,6.578410610749475e-11,1.0,1.0,False,False
Hypertension,Diastolic BP (mmHg),ALT Liver Enzyme (U/L),High-High,OR,5147,93,388,409,4257,0.3279,0.6082,0.3447,0.4839,48.5,52.8,42.8,46.3,3.178,1.08,1.922,1.2075,1.3667595886396693e-24,0.54,1.6154675922646675e-05,-0.6943,0.011875033556954516,0.0621,2.892556835581619e-197,0.04,0.5555080771204861,1.0,1.0,False,False
Thyroid Problem,Fasting Glucose (mg/dL),WBC Count (10^3/uL),Low-Low,AND,2428,24,180,203,2021,0.1321,0.05,0.1527,0.2083,52.0,41.7,54.8,44.4,0.363,1.198,1.85,-0.9143,0.010773581600224126,0.0745,0.731140850217825,1.6834,0.012217902959951007,0.0386,2.1474525767771615e-21,1.3863,1.0158866138745744e-21,1.0,1.0,False,False
Diabetes,Fasting Glucose (mg/dL),LDL Cholesterol (mg/dL),Low-High,XNOR,2806,17,226,262,2301,0.156,0.0398,0.1221,0.1765,46.0,34.9,53.9,45.0,0.236,0.762,1.304,-0.9916,0.005856055376603059,-0.5338,0.009314717174001157,1.9607,0.012301750217746665,0.0574,4.4429043726565775e-57,-0.2455,0.035053978950693884,1.0,1.0,False,False
Diabetes,Waist Circumference (cm),"Glycohemoglobin (HbA1c, %)",High-High,OR,5744,114,459,428,4743,0.0512,0.1503,0.8037,0.807,42.9,47.5,62.6,56.2,3.289,75.352,75.984,1.1819,2.1929336032532968e-14,3.9468,1.01447525977059e-161,-0.7912,0.013313679499131918,0.056,1.0388738341226613e-58,-0.3012,0.005294175136337484,1.0,1.0,False,False
Stroke,Systolic BP (mmHg),Potassium (mmol/L),Low-Low,AND,4673,22,410,268,3973,0.0486,0.022,0.0672,0.1364,52.7,39.4,53.0,36.5,0.462,1.443,3.507,-0.04,0.9106203772902379,0.4143,0.11372969630403193,1.9253,0.013553502914915964,0.0575,1.215687164723896e-28,0.0592,0.6749037073787569,1.0,1.0,False,False
Diabetes,HDL Cholesterol (mg/dL),Calcium (mg/dL),TwoSided-TwoSided,AND,5891,181,969,773,3968,0.127,0.1455,0.1436,0.2376,44.3,48.3,47.2,50.2,1.173,1.156,2.157,0.0224,0.8377565814103933,0.0245,0.8397000242905959,0.6058,0.013633036891160997,0.0557,4.227694234131816e-112,-0.3432,2.7069171163850906e-05,1.0,1.0,False,False
Diabetes,Potassium (mmol/L),hs-CRP Inflammation (mg/L),High-High,OR,5879,61,515,527,4776,0.1129,0.2408,0.2182,0.2951,44.4,51.5,47.6,60.8,2.498,2.199,3.34,0.5302,2.0236014689793707e-05,0.843,1.3046713911002102e-11,-0.8422,0.013718257008209767,0.055,4.828267205848281e-106,-0.3372,5.3413278533863934e-05,1.0,1.0,False,False
Diabetes,Insulin (uIU/mL),Sodium (mmol/L),Low-High,AND,2820,16,266,160,2378,0.151,0.0602,0.1938,0.3125,45.4,45.2,52.6,51.8,0.37,1.366,2.687,-1.07,9.475702530160325e-05,0.0026,0.9904871727203021,1.7317,0.01374197117252312,0.0573,2.40981338333384e-58,-0.2658,0.021412432787188292,1.0,1.0,False,False
Liver Condition,Systolic BP (mmHg),"Glycohemoglobin (HbA1c, %)",Low-High,AND,4764,17,425,444,3878,0.0539,0.0329,0.0743,0.2353,51.8,38.5,61.7,57.9,0.617,1.426,5.839,-0.187,0.5165721070424623,0.1579,0.4231140346420882,1.6336,0.014132191954562914,0.0203,2.8923712626195555e-07,-0.2109,0.10302741355706832,1.0,1.0,False,False
Hypertension,Systolic BP (mmHg),Potassium (mmol/L),High-Low,OR,5146,39,475,265,4367,0.3016,0.7116,0.5208,0.641,46.3,66.4,48.7,60.2,5.7,2.515,4.072,0.908,2.6166662789178957e-15,1.0335,2.757712523562852e-13,-0.9792,0.014247226749712278,0.0566,2.715287166690609e-167,-0.1272,0.0588099867290846,1.0,1.0,False,False
Thyroid Problem,"Glycohemoglobin (HbA1c, %)",Sodium (mmol/L),High-High,AND,4899,23,450,273,4153,0.118,0.1244,0.1648,0.3913,50.1,61.4,55.5,64.0,1.07,1.487,4.893,-0.1932,0.2166977243244601,0.166,0.350993541814828,1.2449,0.014279187910080383,0.0396,6.8664381125603145e-43,1.1861,4.776877095517908e-32,1.0,1.0,False,False
Diabetes,Fasting Glucose (mg/dL),Insulin (uIU/mL),TwoSided-TwoSided,OR,2823,158,365,407,1893,0.0724,0.4493,0.1081,0.4177,45.4,49.9,43.4,48.3,10.429,1.564,9.184,2.6251,2.0877579828565483e-59,0.6649,0.0006966140778833194,-0.7296,0.01449394812524907,0.0648,1.6210422032409792e-56,-0.1901,0.14012162902215738,1.0,1.0,False,False
High Cholesterol,Calcium (mg/dL),WBC Count (10^3/uL),Low-High,AND,5383,44,485,493,4361,0.3307,0.2969,0.3144,0.4773,48.3,50.1,46.0,49.0,0.856,0.93,1.852,-0.2178,0.05517505078009105,0.0714,0.5286137364162165,0.8965,0.014518918921987528,0.0547,1.477149501119831e-181,-0.065,0.31359518746798143,1.0,1.0,False,False
Stroke,Body Mass Index (kg/m2),Sodium (mmol/L),TwoSided-TwoSided,AND,4832,152,808,513,3359,0.0458,0.0384,0.0526,0.0987,51.9,47.0,55.7,48.0,0.841,1.173,2.339,0.0624,0.7623393624442492,-0.0211,0.9230638395990932,0.9853,0.01495098780307037,0.0582,6.278805547067932e-31,0.049,0.726365147110296,1.0,1.0,False,False
Diabetes,Sodium (mmol/L),Hemoglobin (g/dL),Low-Low,XOR,5897,51,383,490,4973,0.1205,0.2454,0.2041,0.1176,44.9,49.0,48.4,43.0,2.382,1.878,1.042,0.7968,8.895946398260299e-09,0.5867,1.348621308848559e-05,-1.2233,0.015051580104662066,0.0551,1.506939950831986e-109,-0.3839,4.303945114088724e-06,1.0,1.0,False,False
Arthritis,"Glycohemoglobin (HbA1c, %)",Sodium (mmol/L),High-Low,OR,4899,80,393,302,4124,0.2907,0.4707,0.3742,0.35,50.3,62.2,50.9,59.3,2.17,1.461,1.324,0.276,0.016395406681508316,0.4209,0.002813847610846763,-0.7364,0.0161092877894936,0.063,9.056538923677044e-161,0.5159,1.6492200355253188e-13,1.0,1.0,False,False
Diabetes,Diastolic BP (mmHg),Hemoglobin (g/dL),High-High,XNOR,6297,98,493,480,5226,0.1255,0.1176,0.1042,0.1633,41.3,52.0,43.5,49.1,0.935,0.817,1.392,-0.3357,0.026531332837452487,-0.4035,0.016373933552908348,0.8547,0.016757968030023666,0.0562,1.1011003704029035e-122,-0.3881,5.5285671883985365e-06,1.0,1.0,False,False
Stroke,Alkaline Phosphatase (U/L),Hemoglobin (g/dL),TwoSided-TwoSided,AND,4904,194,755,700,3255,0.0439,0.0503,0.0457,0.134,51.8,50.5,50.1,55.1,1.164,1.054,3.411,0.1996,0.2960900873298291,0.1038,0.6120097950681602,0.8241,0.01693545491252105,0.0567,2.2704741965877453e-31,0.1225,0.3699377717635931,1.0,1.0,False,False
Arthritis,Waist Circumference (cm),HDL Cholesterol (mg/dL),High-Low,OR,4668,87,378,343,3860,0.2899,0.4709,0.2886,0.3678,51.3,50.8,49.4,51.8,2.18,0.997,1.434,1.052,7.59018316770236e-18,0.3138,0.025325496401531276,-0.7259,0.01699361161713279,0.0653,1.547755240384009e-157,0.5453,1.1971595841660532e-13,1.0,1.0,False,False
Arthritis,AST Liver Enzyme (U/L),Potassium (mmol/L),High-Low,AND,4887,36,415,270,4166,0.3133,0.2843,0.2889,0.5,51.6,50.4,51.3,54.1,0.873,0.894,2.192,0.0016,0.9901259671546311,-0.171,0.26193770086266,0.9815,0.017003737139319297,0.0635,9.279873746298877e-166,0.5211,1.2634122543055455e-13,1.0,1.0,False,False
Heart Attack,Insulin (uIU/mL),AST Liver Enzyme (U/L),High-High,XOR,2367,48,188,184,1947,0.0457,0.1011,0.0924,0.0208,51.5,49.5,52.4,51.3,2.389,2.17,0.656,1.0878,0.00010288354870749045,0.7451,0.01019297539170046,-2.5975,0.01746121977238569,0.066,1.6647540233064316e-19,-0.7669,0.000122522663834553,1.0,1.0,False,False
Heart Attack,Body Mass Index (kg/m2),Hemoglobin (g/dL),High-High,AND,4940,39,451,405,4045,0.0489,0.0421,0.042,0.1282,52.0,48.7,48.7,45.4,0.874,0.873,3.09,0.322,0.20756649880425204,-0.2967,0.270007960564546,1.4617,0.01752507208891365,0.0659,2.6451816089029743e-35,-0.9654,1.2138307057973274e-10,1.0,1.0,False,False
Liver Condition,LDL Cholesterol (mg/dL),WBC Count (10^3/uL),High-High,AND,2360,20,216,208,1916,0.0574,0.0324,0.0529,0.15,51.2,54.9,51.0,47.6,0.585,0.952,3.27,-0.6376,0.10876765128746456,-0.0724,0.8245441812105232,1.9241,0.017545236252173257,0.0208,9.141847185907221e-05,-0.3444,0.05918970890235207,1.0,1.0,False,False
Stroke,LDL Cholesterol (mg/dL),Sodium (mmol/L),TwoSided-TwoSided,AND,2357,74,388,235,1660,0.0392,0.0515,0.0553,0.1757,50.0,55.4,53.4,57.8,1.355,1.478,5.347,0.0214,0.9363861825471477,0.1818,0.5684182794695338,1.2062,0.01761818781786958,0.0565,7.0395088488745875e-15,0.1619,0.41952344643558004,1.0,1.0,False,False
Diabetes,BUN Kidney (mg/dL),Hemoglobin (g/dL),Low-High,AND,5894,35,496,555,4808,0.1456,0.0665,0.1045,0.2286,47.0,32.5,44.3,44.5,0.424,0.69,1.813,0.0117,0.9527403562344741,-0.3931,0.012015616906207869,1.1589,0.01775666286486348,0.0558,5.12092828523123e-109,-0.3844,5.281712129463989e-06,1.0,1.0,False,False
Liver Condition,Creatinine Kidney (mg/dL),Uric Acid (mg/dL),High-Low,AND,4899,16,462,472,3949,0.0565,0.0649,0.0297,0.1875,50.8,63.5,45.3,63.5,1.176,0.527,4.323,-0.1574,0.45174898000271924,-0.4872,0.08862926747319232,1.725,0.017863576377689563,0.0218,1.584015376392402e-08,-0.1657,0.20387388016059071,1.0,1.0,False,False
Liver Condition,Uric Acid (mg/dL),WBC Count (10^3/uL),High-Low,AND,4896,51,435,412,3998,0.0525,0.069,0.0485,0.1765,50.8,55.4,53.0,59.0,1.354,0.94,4.023,0.1535,0.4555674651683118,-0.1331,0.5806339345847883,1.1355,0.01817682220024144,0.0214,1.259454338886619e-08,-0.1777,0.1659330645369157,1.0,1.0,False,False
Diabetes,Diastolic BP (mmHg),Calcium (mg/dL),Low-High,AND,5600,62,481,335,4722,0.1349,0.1331,0.1433,0.2258,46.2,40.3,46.8,37.1,0.99,1.081,1.916,-0.0447,0.7752038514186648,-0.0508,0.7686039786665895,1.018,0.01845813527761056,0.0554,1.3533281966927357e-105,-0.3643,1.4099064751343498e-05,1.0,1.0,False,False
High Cholesterol,LDL Cholesterol (mg/dL),Hemoglobin (g/dL),Low-Low,AND,2565,36,212,198,2119,0.3294,0.3255,0.3081,0.5556,47.8,50.8,51.2,59.9,0.986,0.91,2.528,-0.2841,0.10113362433013925,-0.3606,0.04700433828412054,1.0721,0.01855353098400105,0.0548,2.75338016469866e-85,0.0339,0.7188677733560548,1.0,1.0,False,False
Heart Attack,Insulin (uIU/mL),Calcium (mg/dL),Low-Low,AND,2374,14,224,158,1978,0.0561,0.0357,0.0316,0.1429,51.8,49.2,49.2,48.9,0.658,0.6,3.35,-0.4192,0.2731514038357572,-0.4288,0.36821294236408364,2.3612,0.018568545699757195,0.0635,4.99134504822177e-19,-0.8049,5.0926508010353876e-05,1.0,1.0,False,False
Diabetes,Fasting Glucose (mg/dL),AST Liver Enzyme (U/L),High-Low,OR,2815,44,236,238,2297,0.074,0.7924,0.0966,0.7045,44.7,61.5,38.7,59.0,47.265,1.361,29.115,3.5913,1.3347932893672408e-79,0.7205,0.004271037632353696,-1.0851,0.018673831073232228,0.0554,7.762536715575624e-37,-0.1351,0.33695314656642605,1.0,1.0,False,False
High Cholesterol,Creatinine Kidney (mg/dL),Albumin (g/dL),High-Low,XNOR,5388,56,464,297,4571,0.3166,0.444,0.266,0.5536,46.5,62.5,49.6,66.4,1.724,0.785,2.666,-0.264,0.01816605748134891,-0.4556,0.0022769141200804787,0.7873,0.01879681657796688,0.0557,5.170979250105195e-177,-0.0741,0.2613211482372084,1.0,1.0,False,False
Liver Condition,Body Mass Index (kg/m2),"Glycohemoglobin (HbA1c, %)",Low-Low,AND,4926,54,438,252,4182,0.0571,0.0228,0.0516,0.0926,52.8,46.8,39.0,37.6,0.403,0.928,1.83,-0.8347,0.010909760400339388,0.1667,0.5763431399459316,1.5107,0.01880067479186939,0.0205,9.095825050162951e-08,-0.2672,0.03556891342143826,1.0,1.0,False,False
Hypertension,BUN Kidney (mg/dL),Hemoglobin (g/dL),High-High,OR,5405,22,410,476,4497,0.3187,0.7146,0.3403,0.5,46.9,68.5,43.5,64.5,5.34,1.105,2.138,0.719,8.195846181832877e-09,0.3487,0.0034934300007470856,-1.1326,0.018943683596796216,0.0577,3.769438960967945e-183,0.0274,0.6871141198595392,1.0,1.0,False,False
Hypertension,Albumin (g/dL),WBC Count (10^3/uL),Low-Low,AND,5408,35,321,480,4572,0.3478,0.4237,0.3188,0.6,47.8,52.2,49.8,55.2,1.38,0.879,2.78,0.1601,0.23204891737204292,-0.309,0.0074297213039571175,1.0098,0.019354382356414214,0.0603,1.1357891043670321e-209,-0.052,0.42328808930925343,1.0,1.0,False,False
High Cholesterol,Total Cholesterol (mg/dL),Triglycerides (mg/dL),High-High,OR,2589,72,183,186,2148,0.2854,0.6339,0.5,0.5972,47.7,55.4,50.7,49.5,4.32,2.503,3.691,1.3452,9.279680417688e-15,0.993,4.544724004653882e-09,-0.816,0.01961026743082635,0.055,6.750282009463027e-83,0.0203,0.8313207673827525,1.0,1.0,False,False
Hypertension,Triglycerides (mg/dL),Uric Acid (mg/dL),High-High,OR,2594,57,202,203,2132,0.3241,0.4257,0.6108,0.4912,47.7,50.0,55.5,52.2,1.548,3.265,2.014,0.4771,0.003503886907030527,1.0805,4.411460388797234e-10,-0.8654,0.01987033641501345,0.0561,4.913368923232439e-91,0.1516,0.10993017644675615,1.0,1.0,False,False
Diabetes,Potassium (mmol/L),hs-CRP Inflammation (mg/L),TwoSided-TwoSided,OR,5879,244,897,916,3822,0.1214,0.1929,0.1332,0.1516,45.9,51.6,37.7,45.2,1.731,1.115,1.307,0.3084,0.003424038516420519,0.5322,8.837287673991985e-06,-0.5666,0.020220479232409647,0.0562,1.741644950294852e-112,-0.3443,2.7867493240564328e-05,1.0,1.0,False,False
Heart Attack,Fasting Glucose (mg/dL),Hemoglobin (g/dL),Low-High,AND,2428,11,231,203,1983,0.0545,0.026,0.0542,0.1818,52.8,41.8,49.6,37.3,0.498,1.033,4.549,-0.1757,0.6886210001616087,-0.1322,0.699558817403162,2.4052,0.02065667266076112,0.0629,5.618919796833276e-19,-0.8002,8.14562277799761e-05,1.0,1.0,False,False
Hypertension,Hemoglobin (g/dL),Platelet Count (10^3/uL),Low-High,XOR,5540,120,382,420,4618,0.3393,0.4921,0.3524,0.325,48.4,54.1,43.2,43.1,1.887,1.061,0.944,0.5024,6.357389852157162e-05,0.467,0.0001120140475174601,-0.649,0.020670115036402346,0.0603,3.8339154701580295e-212,-0.1088,0.09685074124858908,1.0,1.0,False,False
Liver Condition,Albumin (g/dL),hs-CRP Inflammation (mg/L),Low-Low,AND,4889,7,333,468,4081,0.0551,0.0631,0.047,0.2857,51.9,53.9,46.4,43.7,1.177,0.862,7.774,0.1258,0.5970776610281359,-0.0653,0.7769444663497153,2.114,0.020814566317643675,0.0222,3.601933721575164e-09,-0.2115,0.09497382086059392,1.0,1.0,False,False
Heart Attack,LDL Cholesterol (mg/dL),Uric Acid (mg/dL),TwoSided-TwoSided,AND,2350,91,371,343,1545,0.0492,0.0701,0.0321,0.1319,50.5,55.6,49.7,56.6,1.473,0.664,3.02,0.126,0.6044437670155742,-0.446,0.18463280034427498,1.1907,0.020816138762855492,0.0619,4.249020549734339e-18,-0.8127,4.801099205624259e-05,1.0,1.0,False,False
Heart Attack,BUN Kidney (mg/dL),WBC Count (10^3/uL),Low-High,AND,4901,48,310,423,4120,0.0502,0.0161,0.0638,0.0833,52.5,42.3,49.5,39.4,0.34,1.308,1.907,-0.3614,0.4383628838171485,0.4834,0.028934502672099377,1.7352,0.021203090155971962,0.0654,5.322459258182612e-36,-0.9559,6.682366329214798e-11,1.0,1.0,False,False
Arthritis,Diastolic BP (mmHg),Platelet Count (10^3/uL),TwoSided-TwoSided,AND,4777,186,712,753,3126,0.2985,0.2949,0.3426,0.4624,50.6,52.9,53.0,57.7,0.984,1.226,2.022,-0.1685,0.09867305386219927,0.1169,0.21897993457135123,0.4857,0.021211374261730347,0.0623,2.038184505257148e-156,0.4934,2.4231236579834444e-12,1.0,1.0,False,False
Thyroid Problem,ALT Liver Enzyme (U/L),Sodium (mmol/L),Low-Low,AND,4901,30,322,351,4198,0.1222,0.1087,0.1254,0.2333,51.6,49.0,53.2,46.6,0.886,1.039,2.291,-0.3358,0.08132086262810281,-0.0195,0.9114197484419512,1.2009,0.021330605763104804,0.0398,1.39941164598042e-43,1.2024,9.013091084172262e-33,1.0,1.0,False,False
Hypertension,Diastolic BP (mmHg),Hemoglobin (g/dL),TwoSided-TwoSided,OR,5274,217,800,782,3475,0.3119,0.465,0.3836,0.4747,48.1,50.1,47.2,51.3,1.917,1.373,1.993,0.6935,3.3240272417894875e-14,0.4532,1.4551920457837082e-06,-0.4599,0.021960902387679584,0.06,1.802481934444663e-201,-0.0083,0.8999054089936073,1.0,1.0,False,False
Liver Condition,Alkaline Phosphatase (U/L),Calcium (mg/dL),Low-High,AND,4898,30,431,424,4013,0.0586,0.0255,0.0495,0.1,51.5,45.8,57.4,50.1,0.439,0.855,2.042,-0.7493,0.017003620385299588,-0.2878,0.2217791588987592,1.6614,0.022023059622349576,0.0218,7.673756350397218e-09,-0.1986,0.1159359793896549,1.0,1.0,False,False
Arthritis,HDL Cholesterol (mg/dL),Sodium (mmol/L),Low-Low,AND,4899,48,403,334,4114,0.3094,0.273,0.3473,0.5208,51.5,49.6,52.5,54.3,0.84,1.19,2.421,0.1102,0.4014156823339703,0.1582,0.242263773421449,0.8242,0.02228211586474633,0.0637,7.276402293026533e-166,0.5347,5.4039156187302454e-14,1.0,1.0,False,False
Thyroid Problem,Body Mass Index (kg/m2),Uric Acid (mg/dL),Low-High,AND,4824,7,468,467,3882,0.1273,0.0855,0.1028,0.2857,51.5,45.7,55.6,56.4,0.648,0.792,3.115,-0.3703,0.037867105281567795,-0.1441,0.3945281787774949,2.0903,0.0223203542824005,0.0393,4.1883922274630577e-41,1.2174,4.991352202941736e-32,1.0,1.0,False,False
Heart Attack,Body Mass Index (kg/m2),WBC Count (10^3/uL),Low-High,AND,4940,29,462,445,4004,0.0487,0.0281,0.0584,0.1724,52.4,45.8,48.4,48.1,0.585,1.231,4.374,-0.3327,0.2662879108951681,0.491,0.02882807385317,1.555,0.022351214588704156,0.0651,1.0371677356540112e-35,-0.937,1.8557850104751494e-10,1.0,1.0,False,False
Heart Attack,Total Cholesterol (mg/dL),WBC Count (10^3/uL),High-High,AND,4924,51,430,421,4022,0.0502,0.0233,0.0618,0.098,51.5,54.8,48.6,47.7,0.471,1.264,2.232,-0.7209,0.03025684250745338,0.4644,0.03944384390486043,1.4366,0.022551101784370257,0.0647,2.3387963289003535e-36,-0.9184,3.451107751276638e-10,1.0,1.0,False,False
Arthritis,Calcium (mg/dL),Hemoglobin (g/dL),Low-High,AND,4897,18,298,418,4163,0.3204,0.2886,0.2249,0.5,51.9,50.7,48.0,53.7,0.863,0.617,2.12,-0.0643,0.6578846677287481,-0.0773,0.5771468846760626,1.2365,0.02264664062589613,0.0635,4.465225386825034e-165,0.509,2.156735921353555e-12,1.0,1.0,False,False
High Cholesterol,Potassium (mmol/L),Hemoglobin (g/dL),High-High,AND,5383,60,467,435,4421,0.3198,0.3983,0.2966,0.5,47.8,56.7,43.5,51.0,1.409,0.898,2.126,-0.1428,0.20684717878926584,0.1013,0.42251826009093985,0.7531,0.022649449865841047,0.0551,2.3663627881205676e-178,-0.0389,0.5658502903426601,1.0,1.0,False,False
Diabetes,HDL Cholesterol (mg/dL),hs-CRP Inflammation (mg/L),TwoSided-TwoSided,AND,6687,211,1019,1076,4381,0.1141,0.1354,0.1106,0.2085,41.7,47.2,33.1,39.4,1.218,0.968,2.06,0.0235,0.8310923974029575,0.4229,0.00042325075521114337,0.5593,0.023138173869894245,0.0583,1.1703820532735425e-134,-0.3591,1.2038413462431964e-05,1.0,1.0,False,False
High Cholesterol,Systolic BP (mmHg),BUN Kidney (mg/dL),TwoSided-TwoSided,XNOR,5124,211,808,613,3492,0.3267,0.3144,0.3426,0.4408,47.2,48.6,51.6,55.1,0.945,1.075,1.625,-0.1899,0.04506845171383117,-0.2095,0.044517301828647646,0.4735,0.023239971617043276,0.056,3.216317961242761e-174,-0.068,0.30607074188496086,1.0,1.0,False,False
Heart Attack,Sodium (mmol/L),hs-CRP Inflammation (mg/L),Low-Low,AND,4894,35,345,439,4075,0.0518,0.0551,0.0205,0.1143,52.0,52.7,46.0,51.9,1.091,0.403,2.61,-0.0155,0.9514074661170787,-0.7892,0.024453618786453038,1.6273,0.0233295385334524,0.064,2.6927148760533524e-35,-0.9426,9.898083529677136e-11,1.0,1.0,False,False
Liver Condition,Creatinine Kidney (mg/dL),Albumin (g/dL),Low-High,AND,4901,13,475,260,4153,0.0575,0.0442,0.0308,0.1538,52.5,46.7,43.9,40.7,0.773,0.55,3.553,-0.0343,0.8881124550278913,-0.5307,0.1498238926982827,2.0109,0.02347258894024753,0.0217,9.113785395911247e-09,-0.2274,0.08375202873286182,1.0,1.0,False,False
Liver Condition,Potassium (mmol/L),Hemoglobin (g/dL),High-Low,AND,4896,59,420,397,4020,0.057,0.0452,0.0378,0.1017,50.3,59.4,52.4,64.5,0.802,0.669,2.007,-0.4964,0.04611705774591009,-0.4349,0.1145911028328888,1.2755,0.023569453392686266,0.0231,1.4001849329280982e-09,-0.2165,0.09142576009215202,1.0,1.0,False,False
Diabetes,AST Liver Enzyme (U/L),hs-CRP Inflammation (mg/L),Low-High,OR,5862,107,419,480,4856,0.1211,0.179,0.225,0.243,45.5,40.3,49.2,48.2,1.59,2.113,2.358,0.9545,4.2409819833885994e-10,0.7867,9.21455088936685e-10,-0.7091,0.023802414948024694,0.0573,1.543300105255948e-113,-0.4304,2.66433968244111e-07,1.0,1.0,False,False
Heart Attack,Alkaline Phosphatase (U/L),WBC Count (10^3/uL),Low-High,AND,4902,29,434,442,3997,0.0505,0.023,0.0611,0.1379,52.4,46.0,48.6,47.2,0.464,1.241,3.308,-0.6139,0.06800550201705267,0.4802,0.030115149165652784,1.6272,0.023903945725762637,0.0649,3.384077594638153e-36,-0.9552,6.225431483842933e-11,1.0,1.0,False,False
Diabetes,Alkaline Phosphatase (U/L),Creatinine Kidney (mg/dL),High-Low,XOR,5898,151,432,399,4916,0.1365,0.1204,0.1754,0.0464,47.9,31.4,40.6,19.2,0.872,1.353,0.328,0.5448,0.0017420724884683505,1.0358,5.911687598098818e-11,-1.0469,0.02418245392600788,0.0586,1.6817813942480106e-117,-0.465,5.3737942965762015e-08,1.0,1.0,False,False
High Cholesterol,Alkaline Phosphatase (U/L),Sodium (mmol/L),High-Low,AND,5387,44,488,361,4494,0.3178,0.3668,0.3573,0.5909,47.9,49.5,49.9,53.2,1.245,1.196,3.075,0.1338,0.2279068803199794,0.1072,0.4011175442412068,0.8349,0.024655290901250536,0.0545,2.269588132414082e-180,-0.0665,0.30262321366681744,1.0,1.0,False,False
High Cholesterol,ALT Liver Enzyme (U/L),Sodium (mmol/L),TwoSided-TwoSided,XOR,5387,144,823,589,3831,0.3205,0.3001,0.4092,0.3194,49.0,42.3,51.8,47.7,0.91,1.469,1.0,0.277,0.003274720534615132,0.3073,0.0023275172204727493,-0.5375,0.02508487807696741,0.0551,2.4668100936347906e-180,-0.0622,0.3352162263463915,1.0,1.0,False,False
Liver Condition,Hemoglobin (g/dL),WBC Count (10^3/uL),High-High,AND,5013,57,389,425,4142,0.0529,0.0591,0.0541,0.1579,52.1,48.7,49.0,45.8,1.146,1.044,3.501,0.1197,0.6104456646237313,0.1037,0.6472710430216224,1.0784,0.025255061533858394,0.022,3.4500237332040646e-09,-0.168,0.19879891809444272,1.0,1.0,False,False
Stroke,Systolic BP (mmHg),Hemoglobin (g/dL),Low-High,AND,4783,19,424,410,3930,0.0517,0.0236,0.0293,0.1053,53.3,39.2,48.8,42.1,0.464,0.575,2.617,-0.0169,0.9603495774052022,-0.3467,0.2676051197629843,1.9716,0.02552237753820877,0.0558,6.623987888704345e-28,0.0326,0.8192855015589522,1.0,1.0,False,False
Thyroid Problem,Body Mass Index (kg/m2),Creatinine Kidney (mg/dL),High-Low,AND,4826,57,424,424,3921,0.1201,0.1061,0.1321,0.2281,52.2,48.8,46.4,46.4,0.877,1.122,2.22,-0.1739,0.31157136692194254,-0.0999,0.532199763722608,0.8819,0.025972286094602906,0.0391,1.0579451945924665e-40,1.2169,2.392267080224294e-31,1.0,1.0,False,False
Hypertension,hs-CRP Inflammation (mg/L),WBC Count (10^3/uL),High-High,OR,5401,133,407,403,4458,0.3338,0.4889,0.3722,0.4211,48.3,51.3,45.5,48.3,1.909,1.185,1.455,0.6632,1.6733727969438312e-08,0.4302,0.0004713238772397515,-0.5756,0.026102009000227792,0.0606,8.484146374899201e-209,-0.0776,0.23399412203573244,1.0,1.0,False,False
Hypertension,Diastolic BP (mmHg),Hemoglobin (g/dL),High-High,OR,5274,74,422,413,4365,0.3292,0.5924,0.3293,0.4865,48.4,52.2,43.8,49.9,2.958,1.002,1.931,1.1531,1.5225052177482663e-24,0.3396,0.009222146895332147,-0.6629,0.026206981403366778,0.061,1.7180638838920823e-200,0.0539,0.43515959273662974,1.0,1.0,False,False
Diabetes,"Glycohemoglobin (HbA1c, %)",hs-CRP Inflammation (mg/L),High-High,OR,5888,110,457,479,4842,0.0595,0.8228,0.1002,0.7727,43.5,61.8,46.5,59.5,72.929,1.774,52.932,3.9726,7.236986139442123e-169,0.5672,0.0009201182226841324,-0.713,0.026244661350310606,0.0523,6.166237856299535e-60,-0.3489,0.0008370663992070506,1.0,1.0,False,False
Liver Condition,Calcium (mg/dL),Hemoglobin (g/dL),Low-High,AND,4896,19,298,417,4162,0.0526,0.0671,0.06,0.2632,51.9,50.7,48.0,53.1,1.322,1.167,6.815,0.2903,0.23236009420513726,0.1506,0.508135100190299,1.3672,0.026310658389841573,0.0223,3.4955246195691566e-09,-0.1649,0.21133622307985878,1.0,1.0,False,False
Diabetes,LDL Cholesterol (mg/dL),AST Liver Enzyme (U/L),Low-High,OR,2788,35,244,212,2297,0.1249,0.2705,0.1934,0.2286,45.5,45.3,48.2,53.1,2.605,1.692,2.161,0.9739,6.671212438819354e-08,0.5026,0.011196576216399988,-1.128,0.026710721178076113,0.0573,1.7153354847301556e-57,-0.2156,0.06702145873269195,1.0,1.0,False,False
Stroke,Potassium (mmol/L),Hemoglobin (g/dL),Low-High,AND,4903,18,289,419,4177,0.0493,0.0657,0.0263,0.1667,51.8,51.9,48.2,48.3,1.386,0.541,4.343,0.3806,0.13528942633554097,-0.4241,0.19142830239085984,1.7305,0.026889387338756374,0.0572,1.3194167683857822e-31,0.0604,0.6656215507309058,1.0,1.0,False,False
Hypertension,Triglycerides (mg/dL),Alkaline Phosphatase (U/L),High-Low,AND,2595,14,244,229,2108,0.3605,0.4303,0.2402,0.6429,48.6,50.4,45.9,52.8,1.341,0.564,3.063,0.321,0.032933206630703565,-0.5256,0.0032692862383254064,1.4276,0.026921424558106033,0.0565,6.103056500017471e-94,0.0524,0.5709368626220495,1.0,1.0,False,False
Diabetes,Sodium (mmol/L),Albumin (g/dL),Low-Low,OR,5900,45,389,317,5149,0.1196,0.2365,0.265,0.1778,44.8,48.5,52.7,46.7,2.286,2.661,1.667,0.7665,3.514492809749515e-08,0.813,3.855260947518601e-08,-1.0306,0.027278552399358818,0.0551,4.467635637905067e-109,-0.3716,6.8940035707827444e-06,1.0,1.0,False,False
High Cholesterol,Insulin (uIU/mL),LDL Cholesterol (mg/dL),High-Low,AND,2555,34,222,211,2088,0.3266,0.3423,0.3223,0.5882,48.4,45.3,51.4,54.4,1.076,0.984,2.914,0.2671,0.10497332316847073,-0.3004,0.08671549252909738,0.9883,0.02841248364845877,0.0551,6.886864677273835e-86,0.0214,0.8190648740064977,1.0,1.0,False,False
Diabetes,"Glycohemoglobin (HbA1c, %)",Uric Acid (mg/dL),TwoSided-TwoSided,OR,5892,200,794,850,4048,0.0645,0.4748,0.0824,0.46,44.8,48.8,44.4,50.6,13.096,1.308,12.348,2.9469,3.7307661364597597e-146,0.3349,0.023988934748470234,-0.527,0.02868437887974116,0.0655,1.2801112879757482e-108,-0.2607,0.005587262070238375,1.0,1.0,False,False
Diabetes,HDL Cholesterol (mg/dL),Creatinine Kidney (mg/dL),Low-Low,XOR,5893,34,554,516,4789,0.1228,0.2419,0.1434,0.0882,46.5,47.0,34.8,32.9,2.284,1.202,0.793,0.9305,2.7750538705530508e-14,1.0479,8.942385814162996e-12,-1.4613,0.028984615964944383,0.0596,1.2552683385112564e-117,-0.3425,8.717362473064063e-05,1.0,1.0,False,False
Stroke,Alkaline Phosphatase (U/L),Platelet Count (10^3/uL),Low-High,AND,4904,24,440,465,3975,0.0501,0.0386,0.043,0.125,52.6,46.3,47.0,41.8,0.782,0.871,3.082,0.003,0.9908816153349278,0.1794,0.46784977601770006,1.62,0.02919192760630132,0.0583,3.340043220767742e-32,0.0832,0.5427992392639103,1.0,1.0,False,False
Stroke,Insulin (uIU/mL),Triglycerides (mg/dL),High-High,AND,2381,51,187,187,1956,0.0475,0.0428,0.0374,0.098,51.5,51.1,52.3,45.1,0.944,0.828,2.357,-0.0374,0.9221842814754326,-0.1851,0.6494449577176722,1.5954,0.029665877861443774,0.0591,2.742150806016621e-16,0.2397,0.22880979382025646,1.0,1.0,False,False
Diabetes,Uric Acid (mg/dL),Sodium (mmol/L),Low-High,AND,5897,24,498,326,5049,0.1373,0.0884,0.1718,0.2917,45.9,38.2,50.0,47.1,0.615,1.312,2.692,0.0425,0.8099133162068923,0.0888,0.5853803465121771,1.1622,0.030206664175102458,0.056,3.8623174141721614e-112,-0.3518,2.378307253021255e-05,1.0,1.0,False,False
Diabetes,Insulin (uIU/mL),AST Liver Enzyme (U/L),High-High,OR,2810,53,228,202,2327,0.1225,0.3246,0.1832,0.283,45.7,43.2,49.3,47.7,3.45,1.621,2.88,1.6911,7.96821567651297e-21,0.4168,0.04495447774687433,-0.926,0.030514716504506562,0.0618,1.9705754987889295e-61,-0.2206,0.06130024919736661,1.0,1.0,False,False
Heart Attack,HDL Cholesterol (mg/dL),AST Liver Enzyme (U/L),Low-High,XOR,4888,74,373,378,4063,0.0448,0.0912,0.0688,0.0135,51.6,50.7,51.7,46.1,2.161,1.599,0.434,0.6875,0.0009733651254319646,0.4706,0.03716128677698963,-2.288,0.030901627596811556,0.0655,3.723139633557887e-36,-0.862,5.846941547606507e-09,1.0,1.0,False,False
Heart Attack,"Glycohemoglobin (HbA1c, %)",LDL Cholesterol (mg/dL),TwoSided-TwoSided,AND,2359,103,367,356,1533,0.0483,0.0354,0.0646,0.1456,50.9,48.5,54.9,59.3,0.746,1.38,3.431,-0.3033,0.3346871716766243,0.0988,0.6978505781793489,1.0427,0.031221109541762312,0.0613,1.1450654464939868e-17,-0.7782,9.47597985943552e-05,1.0,1.0,False,False
Hypertension,Total Cholesterol (mg/dL),Potassium (mmol/L),Low-Low,OR,5404,25,516,297,4566,0.3346,0.3895,0.5354,0.44,48.5,45.8,50.0,52.2,1.27,2.289,1.577,0.3749,0.0013235700484470214,0.983,3.477599601495683e-13,-1.0799,0.031403917629718864,0.0606,3.5858145163093203e-211,-0.0681,0.29945578760195,1.0,1.0,False,False
Liver Condition,Alkaline Phosphatase (U/L),hs-CRP Inflammation (mg/L),Low-High,AND,4887,24,438,462,3963,0.057,0.0251,0.0649,0.125,52.0,45.9,52.5,48.6,0.444,1.164,2.686,-0.7299,0.02018491163520371,0.1628,0.42117454212010663,1.5548,0.03143098876166278,0.0216,1.0084698738189012e-08,-0.2126,0.09306309235204643,1.0,1.0,False,False
High Cholesterol,Potassium (mmol/L),WBC Count (10^3/uL),High-High,AND,5383,44,483,493,4363,0.3193,0.3934,0.3043,0.5909,47.6,55.8,45.2,58.3,1.384,0.934,3.053,-0.1267,0.2562491836650157,0.0817,0.47343485562556265,0.7939,0.031511440964112736,0.0548,9.133763945409047e-178,-0.0663,0.3076498391572676,1.0,1.0,False,False
Hypertension,Insulin (uIU/mL),ALT Liver Enzyme (U/L),High-High,OR,2593,64,196,188,2145,0.3375,0.5255,0.4043,0.4062,49.0,48.5,46.1,42.5,2.172,1.334,1.35,1.0143,3.165559911017463e-09,0.5919,0.0006781574219333329,-0.7904,0.03158887445578568,0.0585,1.2333449894483194e-96,0.0707,0.4501280001313216,1.0,1.0,False,False
Stroke,AST Liver Enzyme (U/L),Calcium (mg/dL),TwoSided-TwoSided,XOR,4894,148,739,625,3382,0.0438,0.0541,0.0736,0.0338,51.5,48.4,55.0,52.0,1.261,1.748,0.835,0.4078,0.029951839337693176,0.3855,0.03175085987968681,-1.1209,0.03181584812461912,0.0572,1.4739091931303767e-31,0.0865,0.5249489820002591,1.0,1.0,False,False
Liver Condition,Fasting Glucose (mg/dL),BUN Kidney (mg/dL),TwoSided-TwoSided,AND,2375,96,368,274,1637,0.0519,0.0625,0.0401,0.1354,50.7,49.7,56.0,57.6,1.235,0.792,2.936,0.2147,0.37801589586668793,-0.3741,0.2578761383265856,1.0638,0.031851632815478786,0.0198,0.0002474865873126267,-0.3427,0.05967501322342878,1.0,1.0,False,False
Arthritis,Sodium (mmol/L),WBC Count (10^3/uL),Low-Low,AND,4900,26,356,439,4079,0.3047,0.3596,0.3189,0.5,51.1,52.9,53.9,49.5,1.283,1.07,2.281,0.2093,0.10679838895083983,-0.0961,0.4212997431694223,1.042,0.03190292697806166,0.0637,1.680067870286174e-166,0.5153,1.598199754156244e-13,1.0,1.0,False,False
Liver Condition,Sodium (mmol/L),Albumin (g/dL),Low-High,AND,4902,41,338,450,4073,0.0565,0.0533,0.0378,0.122,52.3,53.2,43.1,47.5,0.962,0.673,2.513,-0.0848,0.7371862097359783,-0.2851,0.275063333220919,1.2808,0.03224548837854921,0.0217,1.0226504444425747e-08,-0.2144,0.09185764498461968,1.0,1.0,False,False
Diabetes,Total Cholesterol (mg/dL),Creatinine Kidney (mg/dL),Low-Low,XOR,5893,57,530,493,4813,0.124,0.2358,0.1501,0.0526,47.0,42.9,36.2,22.2,2.184,1.253,0.453,0.8765,9.995038966168292e-12,1.0277,1.638675112203707e-11,-1.4064,0.03242398115342499,0.0576,5.074189949952903e-117,-0.3971,4.061962396907467e-06,1.0,1.0,False,False
Thyroid Problem,Waist Circumference (cm),Creatinine Kidney (mg/dL),High-Low,AND,4647,36,426,421,3764,0.1182,0.108,0.133,0.2778,51.6,51.4,46.4,47.0,0.911,1.152,2.952,0.0154,0.9277694249366634,-0.0833,0.6030786001038297,0.9524,0.03272138059051681,0.0391,5.569168941017162e-39,1.2336,6.281457747295019e-31,1.0,1.0,False,False
Heart Attack,hs-CRP Inflammation (mg/L),Platelet Count (10^3/uL),Low-High,AND,4896,25,448,461,3962,0.0555,0.0246,0.0217,0.08,52.6,46.4,46.6,47.6,0.446,0.395,1.806,-0.6606,0.039028040138518696,-0.4672,0.16366937152742655,1.9464,0.032723312137572465,0.0637,6.184856668236841e-35,-0.9349,1.5734380138124009e-10,1.0,1.0,False,False
Stroke,Diastolic BP (mmHg),Hemoglobin (g/dL),Low-High,AND,4783,19,438,410,3916,0.047,0.0662,0.0293,0.1053,51.4,56.4,48.9,38.5,1.457,0.635,2.89,-0.0479,0.8232688386795729,-0.3498,0.2643301212472283,1.8801,0.03319419216686497,0.0557,3.6759367158862833e-28,0.0249,0.8611228884604243,1.0,1.0,False,False
Arthritis,Waist Circumference (cm),Uric Acid (mg/dL),High-High,OR,4647,101,362,347,3837,0.2809,0.4558,0.3948,0.4455,50.7,50.4,56.0,53.6,2.144,1.671,2.061,1.0194,2.409672489924651e-16,0.4517,0.0007044751855204744,-0.6055,0.03353220223340726,0.0649,3.4660779933124976e-155,0.5633,2.1530545712346046e-14,1.0,1.0,False,False
Stroke,Diastolic BP (mmHg),Alkaline Phosphatase (U/L),Low-Low,AND,4674,43,399,402,3830,0.0467,0.0627,0.0323,0.1395,51.7,56.3,45.6,49.4,1.385,0.705,3.526,-0.0873,0.7023699981407457,-0.1064,0.7209712566655706,1.2729,0.033548612663430406,0.0557,6.831934165481155e-28,0.0745,0.5957818966928022,1.0,1.0,False,False
Diabetes,ALT Liver Enzyme (U/L),Uric Acid (mg/dL),High-Low,AND,5896,21,556,501,4818,0.1376,0.1547,0.0858,0.381,46.6,42.5,38.1,49.2,1.151,0.594,3.943,0.4757,0.00043476955783858267,0.0502,0.7789678581943154,1.1503,0.0337275020332004,0.0573,1.863427148428183e-112,-0.314,0.00017966835761839073,1.0,1.0,False,False
Diabetes,Creatinine Kidney (mg/dL),Hemoglobin (g/dL),Low-Low,XOR,5896,80,470,461,4885,0.1273,0.1511,0.2169,0.075,46.2,35.4,50.9,30.8,1.226,1.904,0.598,1.0554,1.3872778679309196e-11,0.5855,1.8194066430106955e-05,-1.0359,0.03384457527929307,0.0575,2.276084108990632e-114,-0.5101,4.047786605316992e-09,1.0,1.0,False,False
Hypertension,Body Mass Index (kg/m2),Hemoglobin (g/dL),High-Low,OR,5452,78,465,458,4451,0.3233,0.486,0.4323,0.4487,48.1,46.5,51.2,47.7,1.979,1.595,1.708,1.0288,2.558496561817815e-20,0.4498,0.00014737344289088807,-0.6351,0.03394826556250793,0.0618,4.774814208099772e-211,-0.1502,0.024076502604964745,1.0,1.0,False,False
Heart Attack,Insulin (uIU/mL),hs-CRP Inflammation (mg/L),Low-High,AND,2374,10,227,227,1910,0.0539,0.0352,0.0573,0.2,51.6,49.1,52.3,52.0,0.676,1.099,5.136,-0.3786,0.3233073215032157,0.191,0.5427874556799029,2.0374,0.03425449388763679,0.0639,5.252642514891873e-19,-0.8008,5.6187701321235375e-05,1.0,1.0,False,False
Thyroid Problem,Insulin (uIU/mL),LDL Cholesterol (mg/dL),Low-High,AND,2352,19,216,216,1901,0.1299,0.0926,0.1296,0.3158,51.4,48.4,54.1,56.5,0.697,1.011,3.219,-0.2279,0.37322923468353997,-0.1567,0.4830791675472632,1.3202,0.03433282335867774,0.0405,4.8898728745063457e-23,1.353,4.1167099815827e-20,1.0,1.0,False,False
Diabetes,Creatinine Kidney (mg/dL),Sodium (mmol/L),Low-Low,XOR,5899,52,498,382,4967,0.1264,0.1446,0.2487,0.0962,46.3,34.9,50.3,33.3,1.174,2.294,0.799,1.0292,3.2190518062174503e-11,0.765,3.4840699074817706e-08,-1.1218,0.03491196324108555,0.0581,8.744637824713143e-116,-0.4531,1.1183251038697366e-07,1.0,1.0,False,False
Stroke,Calcium (mg/dL),hs-CRP Inflammation (mg/L),Low-Low,AND,4893,21,295,452,4125,0.049,0.0644,0.0288,0.1429,52.1,51.1,46.4,46.1,1.366,0.595,3.666,0.3763,0.13971859351222785,-0.3326,0.26023104274659736,1.5976,0.03528764605689678,0.0574,1.341080015609643e-31,0.0973,0.47595306316443065,1.0,1.0,False,False
Liver Condition,Creatinine Kidney (mg/dL),Uric Acid (mg/dL),Low-High,AND,4899,7,480,479,3933,0.0534,0.0438,0.0772,0.2857,51.6,46.6,55.9,47.9,0.828,1.499,8.04,-0.0062,0.9796843483453476,0.2706,0.15109061276725974,1.8835,0.03530069970641248,0.0218,7.379967177846902e-09,-0.1823,0.16932148615907505,1.0,1.0,False,False
Liver Condition,Albumin (g/dL),Hemoglobin (g/dL),Low-High,AND,4899,9,333,427,4130,0.053,0.0601,0.0632,0.3333,51.7,53.5,47.9,61.2,1.165,1.224,9.595,0.1091,0.6532423573101493,0.1954,0.375118948813133,1.6398,0.03533411578067326,0.022,5.4335784887563015e-09,-0.168,0.2046456222752514,1.0,1.0,False,False
Stroke,BUN Kidney (mg/dL),Hemoglobin (g/dL),Low-High,AND,4903,28,331,410,4134,0.052,0.0302,0.0268,0.1071,52.6,41.5,48.3,46.6,0.594,0.524,2.496,0.1233,0.7163311447617786,-0.4281,0.18730780987207662,1.634,0.03534981883614846,0.0575,5.649734966573437e-31,0.0768,0.5816985612746549,1.0,1.0,False,False
Thyroid Problem,LDL Cholesterol (mg/dL),Albumin (g/dL),High-High,AND,2353,18,217,168,1950,0.1323,0.1382,0.0595,0.2222,52.0,54.8,41.0,48.2,1.065,0.434,2.032,-0.1255,0.563199291620273,-0.0679,0.845866910115237,1.5422,0.035617459286296616,0.0406,4.2671678602350654e-23,1.3819,2.6161962371862615e-20,1.0,1.0,False,False
Thyroid Problem,HDL Cholesterol (mg/dL),Potassium (mmol/L),Low-Low,AND,4896,22,426,284,4164,0.1256,0.0939,0.1127,0.2273,51.6,49.9,51.7,51.2,0.729,0.895,2.186,0.1368,0.45180608751905826,-0.2861,0.15238227924987943,1.239,0.03619449886807496,0.0398,6.188562491145724e-44,1.2237,9.112602792677738e-33,1.0,1.0,False,False
Hypertension,Waist Circumference (cm),Insulin (uIU/mL),High-High,OR,2469,89,155,158,2067,0.3217,0.5613,0.4684,0.5281,48.3,51.3,47.1,46.6,2.692,1.858,2.355,1.0673,7.44002742972566e-09,0.8463,8.265475310697227e-06,-0.7313,0.036282971802015014,0.0573,2.984807923953939e-88,0.0283,0.7664578537049215,1.0,1.0,False,False
High Cholesterol,Alkaline Phosphatase (U/L),Potassium (mmol/L),High-Low,AND,5385,35,497,285,4568,0.3222,0.3742,0.2912,0.5429,48.0,49.5,49.5,54.0,1.259,0.867,2.485,0.1524,0.1647658403726019,-0.2077,0.15381471033055466,0.8417,0.036288666477389826,0.0545,1.6710519816783628e-180,-0.0631,0.3300887156305604,1.0,1.0,False,False
Heart Attack,Fasting Glucose (mg/dL),HDL Cholesterol (mg/dL),High-Low,OR,2386,45,192,176,1973,0.0411,0.125,0.0909,0.1111,50.6,62.0,47.2,59.4,3.376,2.387,3.153,0.787,0.0019999883013024594,0.9941,0.0012011883977121678,-1.2948,0.03673797656892814,0.0632,3.597707360914723e-18,-0.6857,0.0007273675051035479,1.0,1.0,False,False
Thyroid Problem,Creatinine Kidney (mg/dL),hs-CRP Inflammation (mg/L),TwoSided-TwoSided,AND,4889,194,768,768,3159,0.1168,0.138,0.1068,0.2062,51.2,55.3,48.3,53.5,1.214,0.908,1.98,0.038,0.7569330750007519,-0.0363,0.7871799799477797,0.5278,0.036776956761312825,0.0396,5.319380821073507e-43,1.1792,1.1220190827220498e-31,1.0,1.0,False,False
High Cholesterol,"Glycohemoglobin (HbA1c, %)",Insulin (uIU/mL),TwoSided-TwoSided,AND,2579,115,319,401,1744,0.3337,0.3793,0.2569,0.5043,48.8,49.1,45.1,53.8,1.222,0.692,2.03,0.2134,0.130453613304452,-0.2098,0.12435594657727422,0.5792,0.03747278920836474,0.0537,8.571565244766726e-85,0.0181,0.8456426441327057,1.0,1.0,False,False
Hypertension,Waist Circumference (cm),ALT Liver Enzyme (U/L),High-High,OR,5131,79,433,431,4188,0.3216,0.5566,0.3573,0.4177,48.2,51.1,43.9,41.9,2.645,1.174,1.519,1.0841,3.0420829030649985e-21,0.5431,5.846045801392067e-06,-0.6223,0.03758072694081912,0.0621,2.499547294329255e-196,-0.0063,0.9264119736302736,1.0,1.0,False,False
Hypertension,Sodium (mmol/L),Hemoglobin (g/dL),Low-High,AND,5408,35,373,463,4537,0.3474,0.4048,0.3283,0.6,48.6,50.4,44.1,49.6,1.279,0.92,2.785,0.2034,0.1058756221520934,0.1863,0.1279863321702926,0.8518,0.03804102423726313,0.0605,3.811973001896844e-210,-0.0006,0.9925230581679403,1.0,1.0,False,False
Liver Condition,"Glycohemoglobin (HbA1c, %)",hs-CRP Inflammation (mg/L),Low-Low,AND,4890,48,257,426,4159,0.056,0.0506,0.0423,0.125,52.8,39.2,47.3,38.2,0.928,0.762,2.572,0.1985,0.5057673017868758,-0.1922,0.4450122177013963,1.2077,0.038301511833742106,0.0231,1.3497271630641723e-09,-0.1964,0.11953464244834015,1.0,1.0,False,False
Liver Condition,ALT Liver Enzyme (U/L),Calcium (mg/dL),Low-High,AND,4898,32,323,422,4121,0.058,0.0217,0.0498,0.0938,51.2,47.9,56.7,60.1,0.384,0.868,1.923,-0.9421,0.015739354289313556,-0.2706,0.2506713166723915,1.569,0.038394144617811,0.0223,4.216039407148506e-09,-0.1625,0.20008671554210766,1.0,1.0,False,False
Diabetes,Waist Circumference (cm),Alkaline Phosphatase (U/L),TwoSided-TwoSided,XOR,5611,326,792,751,3742,0.1291,0.1768,0.1238,0.0644,48.7,40.8,40.0,24.9,1.452,0.957,0.474,0.8966,2.7991444166488347e-14,0.3256,0.014353415845674984,-0.6156,0.03841314849332132,0.0615,3.912393951444439e-113,-0.3369,8.366206435517164e-05,1.0,1.0,False,False
Liver Condition,Diastolic BP (mmHg),Body Mass Index (kg/m2),High-Low,AND,4918,25,421,466,4006,0.0567,0.0475,0.03,0.12,51.9,51.6,45.5,56.7,0.848,0.532,2.584,-0.1933,0.4217762024626276,-0.5352,0.05703954291259065,1.48,0.03892333601437011,0.0207,5.7825446978195794e-08,-0.2562,0.04557608145972056,1.0,1.0,False,False
Hypertension,Body Mass Index (kg/m2),Potassium (mmol/L),TwoSided-TwoSided,OR,5322,160,893,673,3596,0.3331,0.2945,0.4933,0.3938,48.6,41.6,54.4,49.7,0.836,1.949,1.303,0.232,0.013016696853789396,0.4694,1.1210999113001416e-06,-0.4658,0.03917579009912208,0.0602,3.6861803202078226e-200,-0.0638,0.3324867018503955,1.0,1.0,False,False
Diabetes,Body Mass Index (kg/m2),Creatinine Kidney (mg/dL),TwoSided-TwoSided,OR,5807,242,902,867,3796,0.1143,0.1109,0.2376,0.1694,46.1,37.8,51.3,40.4,0.969,2.416,1.594,0.4872,0.00013490410880845688,0.6606,1.5102288541094435e-10,-0.5057,0.03922384588700554,0.0562,4.5020800361169975e-107,-0.3358,6.222903955322699e-05,1.0,1.0,False,False
Thyroid Problem,Insulin (uIU/mL),Total Cholesterol (mg/dL),Low-High,AND,2377,24,214,208,1931,0.1305,0.0888,0.1346,0.2917,51.4,48.3,54.0,56.1,0.663,1.05,2.851,-0.2728,0.29609950507960114,-0.1845,0.4117792763166328,1.1952,0.039429608772430194,0.0401,5.65489100339344e-23,1.362,1.4803646923615522e-20,1.0,1.0,False,False
Diabetes,ALT Liver Enzyme (U/L),Sodium (mmol/L),TwoSided-TwoSided,OR,5898,162,953,621,4162,0.1249,0.1228,0.219,0.1667,46.2,39.3,49.8,45.8,0.983,1.968,1.42,0.3639,0.0021604964976863076,0.6006,2.6596586545166473e-07,-0.5731,0.03976537617260055,0.0562,2.1674693876477144e-112,-0.3445,2.629769382486204e-05,1.0,1.0,False,False
Thyroid Problem,Triglycerides (mg/dL),AST Liver Enzyme (U/L),High-Low,AND,2368,19,215,218,1916,0.131,0.1116,0.1055,0.3158,52.1,50.5,46.4,51.4,0.847,0.796,3.188,0.1222,0.6102610758195006,-0.3207,0.18218645441286052,1.2598,0.04028062077208414,0.0402,1.1939894769645514e-22,1.3965,4.406559911657414e-21,1.0,1.0,False,False
Stroke,Alkaline Phosphatase (U/L),Albumin (g/dL),TwoSided-TwoSided,AND,4907,178,772,656,3301,0.0445,0.057,0.0427,0.1124,52.3,52.1,47.5,48.7,1.306,0.97,2.766,0.2787,0.12267169742717639,0.1511,0.4833648862961123,0.7502,0.04067293922694813,0.0575,2.2882286590169667e-32,0.111,0.41528542247566946,1.0,1.0,False,False
Stroke,"Glycohemoglobin (HbA1c, %)",Potassium (mmol/L),Low-Low,AND,4902,18,288,289,4307,0.0488,0.0243,0.0657,0.1667,52.3,38.8,52.2,43.9,0.519,1.403,4.395,-0.0299,0.9403549467585552,0.3876,0.12821005694188747,1.659,0.04089539071956996,0.058,8.248651051790248e-32,0.0936,0.49252584561438295,1.0,1.0,False,False
Liver Condition,Total Cholesterol (mg/dL),Creatinine Kidney (mg/dL),Low-High,AND,4897,82,395,396,4024,0.0537,0.0532,0.0556,0.1341,50.2,50.1,62.7,67.5,1.01,1.057,2.829,-0.0717,0.7625322542565289,-0.2916,0.2203643521880686,0.9374,0.04098131169506965,0.0221,8.675087358719268e-09,-0.2109,0.10207666610261179,1.0,1.0,False,False
Diabetes,LDL Cholesterol (mg/dL),ALT Liver Enzyme (U/L),Low-High,OR,2795,24,255,256,2260,0.1221,0.2706,0.2031,0.2083,45.9,46.2,44.6,47.2,2.675,1.843,2.024,0.9748,3.911795406152973e-08,0.875,2.0219517050071772e-06,-1.2355,0.04110781604654098,0.0588,6.621801886913601e-58,-0.1717,0.1480209333099704,1.0,1.0,False,False
Thyroid Problem,Diastolic BP (mmHg),Alkaline Phosphatase (U/L),High-Low,AND,4670,21,400,422,3827,0.1244,0.115,0.0995,0.2381,52.1,52.0,45.9,47.3,0.923,0.786,2.345,0.1759,0.3028186284517672,-0.0235,0.8943214283438169,1.2171,0.041181266514920614,0.0403,2.9979035454756274e-41,1.1977,3.505105443586774e-31,1.0,1.0,False,False
Hypertension,AST Liver Enzyme (U/L),hs-CRP Inflammation (mg/L),Low-High,OR,5378,101,395,435,4447,0.34,0.3139,0.4828,0.4158,48.6,41.9,50.7,49.6,0.89,1.812,1.386,0.3183,0.015621139961295882,0.6594,8.29733071303521e-09,-0.5777,0.04130685267910941,0.0604,1.6373776268227603e-207,-0.0923,0.16055369431429,1.0,1.0,False,False
Diabetes,ALT Liver Enzyme (U/L),Potassium (mmol/L),High-High,XOR,5894,34,542,547,4771,0.1184,0.1661,0.2578,0.0882,44.9,42.8,53.3,40.5,1.488,2.589,0.827,0.6438,1.5963842600222297e-06,0.5325,7.4781390385783354e-06,-1.3385,0.041348285074797375,0.0558,1.196784606934906e-107,-0.2508,0.002618395296145696,1.0,1.0,False,False
Arthritis,Fasting Glucose (mg/dL),WBC Count (10^3/uL),TwoSided-TwoSided,AND,2427,107,379,355,1586,0.3058,0.2902,0.3465,0.4579,51.3,51.2,51.9,52.5,0.93,1.205,1.92,-0.0942,0.500251447360202,0.1873,0.17663847209352435,0.5908,0.04158881390921523,0.0635,1.1269869968823935e-83,0.4756,1.483893190004606e-06,1.0,1.0,False,False
Stroke,hs-CRP Inflammation (mg/L),WBC Count (10^3/uL),High-High,OR,4898,116,373,357,4052,0.0432,0.0804,0.07,0.0603,51.7,52.5,47.7,51.2,1.962,1.694,1.513,0.6986,0.0009536913275344674,0.7461,0.001150951005539625,-1.0181,0.041900978127067966,0.0584,2.3166614997546023e-32,0.067,0.6241580059163163,1.0,1.0,False,False
Stroke,Diastolic BP (mmHg),Insulin (uIU/mL),High-High,AND,2266,28,193,199,1846,0.0444,0.057,0.0452,0.1429,51.4,52.3,50.8,44.7,1.348,1.067,3.928,0.4461,0.18902121631520208,0.1142,0.7550851719813527,1.5126,0.041988687851153984,0.06,2.7235965802485126e-15,0.2535,0.21890136854321074,1.0,1.0,False,False
Stroke,Diastolic BP (mmHg),LDL Cholesterol (mg/dL),TwoSided-TwoSided,OR,2249,108,329,334,1478,0.0318,0.076,0.0689,0.0741,50.3,50.8,54.6,59.4,2.524,2.274,2.549,0.8657,0.0009661094183170855,0.6347,0.01741259418664254,-1.0324,0.04216464478898476,0.0538,2.2145293926447657e-13,0.1145,0.5804516268446352,1.0,1.0,False,False
Heart Attack,Alkaline Phosphatase (U/L),Potassium (mmol/L),Low-Low,AND,4903,30,433,275,4165,0.0526,0.0254,0.0364,0.1,52.1,45.7,51.5,51.8,0.489,0.711,2.288,-0.5582,0.08291755996491788,-0.1252,0.7108745104026528,1.6231,0.04233676622473558,0.0642,1.4272025979973486e-35,-0.946,9.667270992450324e-11,1.0,1.0,False,False
Liver Condition,Triglycerides (mg/dL),WBC Count (10^3/uL),High-High,AND,2384,33,206,199,1946,0.055,0.0485,0.0503,0.1515,51.6,50.9,50.7,49.6,0.914,0.948,3.302,-0.1633,0.6326738522366456,-0.0659,0.8467231481435125,1.3814,0.04246869439633515,0.0201,0.00014917787551661573,-0.3555,0.05127878865854913,1.0,1.0,False,False
Thyroid Problem,Alkaline Phosphatase (U/L),hs-CRP Inflammation (mg/L),Low-High,AND,4888,24,438,464,3962,0.1199,0.0982,0.1552,0.2917,52.0,46.0,52.5,48.6,0.807,1.355,3.143,-0.0194,0.9113668302842232,0.2003,0.1606142762321383,1.0406,0.04253413396214519,0.0399,2.347479114766278e-43,1.1757,1.8680853815532206e-31,1.0,1.0,False,False
Hypertension,"Glycohemoglobin (HbA1c, %)",Triglycerides (mg/dL),TwoSided-TwoSided,AND,2604,93,343,404,1764,0.352,0.4373,0.2797,0.5054,49.4,50.9,43.5,48.2,1.431,0.716,1.879,0.3403,0.011812131980341277,-0.064,0.6380546446894335,0.5988,0.042629034121845946,0.0562,5.188896761501402e-93,0.0638,0.4894049568824478,1.0,1.0,False,False
Liver Condition,Total Cholesterol (mg/dL),Potassium (mmol/L),Low-High,AND,4895,70,407,410,4008,0.0549,0.059,0.0439,0.1143,50.4,51.9,60.0,60.5,1.098,0.81,2.337,-0.0224,0.9204640506553199,-0.4917,0.053956627743743636,1.0128,0.04334583242345142,0.0229,1.7672156505537638e-09,-0.2145,0.09321997192456681,1.0,1.0,False,False
Stroke,Potassium (mmol/L),Hemoglobin (g/dL),TwoSided-TwoSided,AND,4903,170,618,724,3391,0.0425,0.0599,0.0511,0.1235,50.5,57.2,50.1,55.6,1.449,1.226,3.232,0.0554,0.7761423112274259,0.1976,0.3082204223788716,0.717,0.04353569073489415,0.0565,7.003170804292437e-31,0.1328,0.3314829088656214,1.0,1.0,False,False
Liver Condition,Total Cholesterol (mg/dL),Potassium (mmol/L),High-Low,AND,4895,34,445,272,4144,0.0548,0.0562,0.0478,0.1471,51.2,54.1,51.1,55.8,1.044,0.896,3.21,0.0003,0.9987764339304925,-0.0949,0.7467910444062562,1.2179,0.04405347756386807,0.022,4.256818535785551e-09,-0.2208,0.08247611788043867,1.0,1.0,False,False
Thyroid Problem,HDL Cholesterol (mg/dL),Potassium (mmol/L),High-Low,AND,4896,35,436,271,4154,0.1237,0.1124,0.107,0.2286,51.2,54.3,50.8,58.9,0.904,0.861,2.187,-0.5569,0.0007845835550617824,-0.3183,0.12818822423391646,0.9835,0.04416604692144031,0.0402,1.5362760857679958e-44,1.2489,1.5840190927123065e-34,1.0,1.0,False,False
Heart Attack,Body Mass Index (kg/m2),Calcium (mg/dL),Low-High,AND,4827,48,427,405,3947,0.0499,0.0304,0.0519,0.1042,51.4,45.6,57.7,48.6,0.618,1.062,2.401,-0.279,0.35320808990860497,-0.1597,0.5110095870610558,1.2715,0.04433562943046249,0.0648,4.4529603608661795e-35,-0.8991,1.221136346697506e-09,1.0,1.0,False,False
Heart Attack,"Glycohemoglobin (HbA1c, %)",Fasting Glucose (mg/dL),TwoSided-TwoSided,AND,2425,250,223,230,1722,0.0499,0.0135,0.0652,0.092,52.1,45.8,48.8,54.0,0.3,1.361,1.954,-1.205,0.044327748406107884,0.3721,0.21743543744040283,1.4057,0.044447916103006094,0.0618,2.84486348734626e-18,-0.81,4.396233122714481e-05,1.0,1.0,False,False
Thyroid Problem,Insulin (uIU/mL),Total Cholesterol (mg/dL),High-Low,AND,2377,33,205,205,1934,0.1282,0.122,0.1171,0.2727,51.5,48.2,52.7,59.4,0.959,0.916,2.632,0.0718,0.7603152158865902,0.0009,0.9969127911450132,1.0583,0.0447727869255117,0.04,8.514796657096925e-23,1.3967,3.75659279247151e-21,1.0,1.0,False,False
Diabetes,ALT Liver Enzyme (U/L),Albumin (g/dL),High-Low,OR,5898,22,555,340,4981,0.1241,0.1622,0.2588,0.1818,45.4,42.3,51.8,53.2,1.372,2.473,1.716,0.6174,3.893778630788933e-06,0.8065,2.604657204219731e-08,-1.2361,0.045453125620844095,0.0569,1.4604736799346428e-111,-0.3332,6.044001812016045e-05,1.0,1.0,False,False
Diabetes,AST Liver Enzyme (U/L),Albumin (g/dL),High-Low,OR,5878,43,535,319,4981,0.1231,0.1776,0.2539,0.2558,44.9,46.5,51.0,59.0,1.544,2.433,2.52,0.4474,0.000563593306332201,0.8105,6.895514636062556e-08,-0.8301,0.04568963403532713,0.0557,9.332500544475441e-111,-0.3574,1.5167569267701379e-05,1.0,1.0,False,False
Liver Condition,Total Cholesterol (mg/dL),Triglycerides (mg/dL),High-Low,AND,2384,5,226,225,1928,0.0586,0.0664,0.0133,0.2,52.0,54.2,43.8,58.2,1.172,0.252,5.332,0.1477,0.6056517025253678,-1.3725,0.020198343060872283,2.584,0.04612595157215317,0.0188,0.00051581573096267,-0.3515,0.05378240835520665,1.0,1.0,False,False
Diabetes,AST Liver Enzyme (U/L),Hemoglobin (g/dL),High-Low,OR,5875,35,543,506,4791,0.1238,0.1842,0.1976,0.1714,45.1,46.9,47.4,55.5,1.603,1.749,1.559,0.4697,0.0002343787645796945,0.5663,2.7216541353900497e-05,-0.9984,0.04644306269003695,0.0557,2.0410284218722588e-111,-0.3738,7.655296717644914e-06,1.0,1.0,False,False
Diabetes,Total Cholesterol (mg/dL),Albumin (g/dL),Low-Low,OR,5895,43,544,319,4989,0.1191,0.2077,0.2414,0.3488,45.7,39.5,51.0,59.0,1.945,2.363,4.021,0.8557,8.79975494317676e-11,0.7892,1.756948886350122e-07,-0.7935,0.04703616645868512,0.0552,1.9815686533014082e-112,-0.3148,0.00016052722901422093,1.0,1.0,False,False
Thyroid Problem,Fasting Glucose (mg/dL),Platelet Count (10^3/uL),High-Low,AND,2428,35,205,204,1984,0.1255,0.1463,0.1176,0.2571,49.5,60.9,58.2,63.7,1.209,0.944,2.494,-0.0558,0.7987777989823717,-0.1587,0.509860567940106,1.0198,0.047136119196169245,0.0394,3.070485526169868e-22,1.3771,4.105606076003023e-21,1.0,1.0,False,False
Stroke,Insulin (uIU/mL),Potassium (mmol/L),High-Low,AND,2379,27,211,201,1940,0.0459,0.0474,0.0547,0.1481,51.5,50.0,51.8,48.1,1.078,1.249,3.961,0.1609,0.6445470058563952,0.1963,0.5614291379108332,1.4446,0.04771113468845544,0.0598,1.8597579909270599e-16,0.2232,0.2619162471980323,1.0,1.0,False,False
Arthritis,"Glycohemoglobin (HbA1c, %)",BUN Kidney (mg/dL),TwoSided-TwoSided,OR,4896,169,610,619,3498,0.285,0.323,0.4216,0.4083,50.4,51.0,55.9,58.9,1.198,1.829,1.734,0.2109,0.043554141100928125,0.3616,0.000373199938043858,-0.4407,0.0479763767438912,0.0628,6.657496664075731e-161,0.5189,1.2616557113292082e-13,1.0,1.0,False,False
Diabetes,Triglycerides (mg/dL),BUN Kidney (mg/dL),TwoSided-TwoSided,OR,2819,122,442,391,1864,0.1148,0.1493,0.2634,0.2213,46.0,39.9,51.6,45.6,1.359,2.76,2.216,0.6821,4.0501840719719804e-05,0.7704,2.70545936604992e-07,-0.6317,0.0486689725873167,0.0567,3.648478862998615e-56,-0.2351,0.043816347771283994,1.0,1.0,False,False
Liver Condition,Uric Acid (mg/dL),Potassium (mmol/L),Low-High,AND,4896,30,458,450,3958,0.0581,0.0306,0.0511,0.1,51.2,45.3,60.4,55.0,0.528,0.889,2.059,-0.4666,0.1029183070836156,-0.3719,0.10422099481154258,1.3935,0.048710642638319104,0.0224,3.791925500708522e-09,-0.186,0.14955255677409585,1.0,1.0,False,False
Thyroid Problem,AST Liver Enzyme (U/L),Hemoglobin (g/dL),Low-High,AND,4886,12,424,418,4032,0.1255,0.1368,0.0718,0.25,52.3,47.1,48.3,48.8,1.111,0.547,2.565,0.1149,0.4611135162290799,0.1646,0.4335884472692624,1.46,0.04914120420838716,0.0404,2.2627179339767554e-44,1.2245,1.2062192612594245e-30,1.0,1.0,False,False
Thyroid Problem,Systolic BP (mmHg),Potassium (mmol/L),TwoSided-TwoSided,AND,4669,134,743,602,3190,0.1188,0.1265,0.1179,0.194,50.2,51.9,56.6,57.6,1.078,0.997,1.809,-0.1942,0.1330953036724581,-0.1637,0.2532802139508121,0.5793,0.0493511831099618,0.0402,1.5340649738496032e-41,1.1913,8.805691489441789e-31,1.0,1.0,False,False
Heart Attack,Calcium (mg/dL),hs-CRP Inflammation (mg/L),Low-Low,AND,4891,21,295,452,4123,0.0524,0.0475,0.0243,0.0952,52.1,51.1,46.5,46.1,0.93,0.47,2.314,-0.1209,0.6798027161702773,-0.65,0.04234841663890052,1.7889,0.049965678752800786,0.0644,1.195075981273455e-35,-0.9424,1.0222999183995271e-10,1.0,1.0,False,False
