outcome_var,outcome_name,marker1_var,marker1_name,marker2_var,marker2_name,anomaly_type,lbl_A,lbl_B,n_samples,n_cases,n00,y00,p00,n10,y10,p10,n01,y01,p01,n11,y11,p11,or10,or01,or11,orXOR,beta0,p_const,beta1,p1_A,beta2,p2_B,beta3,p3_interaction,beta1_plus_beta2_plus_beta3,xor_synergy
diabetes_binary,Diabetes,LBXGH,"Glycohemoglobin (HbA1c, %)",LBXGLU,Fasting Glucose (mg/dL),High-High,High,High,2885,416.0,2552,154.0,0.0603448275862069,49,41.0,0.8367346938775511,63,34.0,0.5396825396825397,221,187.0,0.8461538461538461,75.79497430039979,18.155504360704295,84.3710426340228,14.34094680331869,-2.7454377331738287,3.438046542052164e-239,4.3795682581983,1.6090149217002439e-28,2.9045024278035156,9.7300296075084e-28,-2.833884860589561,1.995079306344292e-08,4.450185825412254,-1.6163009648226936
diabetes_binary,Diabetes,systolic_bp,Systolic BP (mmHg),BMXWAIST,Waist Circumference (cm),TwoSided-TwoSided,Out-of-Bounds,Out-of-Bounds,6424,748.0,4270,437.0,0.10234192037470725,872,138.0,0.15825688073394495,910,139.0,0.15274725274725276,372,34.0,0.0913978494623656,1.6522485655936983,1.5843666327191928,0.8930542308503904,1.6307702439940086,-2.171469870284966,0.0,0.5002145268276544,2.1854683593684638e-06,0.4582554298523278,1.2930609215704256e-05,-1.0836854572618737,2.020334210405516e-06,-0.12521550058189146,0.9584699566799822
diabetes_binary,Diabetes,systolic_bp,Systolic BP (mmHg),BMXWAIST,Waist Circumference (cm),High-High,High,High,6424,748.0,5250,451.0,0.0859047619047619,532,125.0,0.2349624060150376,533,144.0,0.2701688555347092,109,28.0,0.25688073394495414,3.2738166574947853,3.94365238109454,3.7172818620956725,3.4438854294106056,-2.3646955023555685,0.0,1.184196054215274,1.7476139969220715e-25,1.3709294583131226,4.191823866032057e-36,-1.2526746546700636,2.367051856182707e-06,1.3024508578583334,-0.04977620318826981
hypertension_binary,Hypertension,diastolic_bp,Diastolic BP (mmHg),LBXSUA,Uric Acid (mg/dL),High-High,High,High,5146,1818.0,4251,1294.0,0.30439896494942364,410,241.0,0.5878048780487805,414,243.0,0.5869565217391305,71,40.0,0.5633802816901409,3.2551434421326446,3.243825919707396,2.9374275782155275,3.1864811021633606,-0.8264370447916314,1.0252869273027658e-135,1.181335263359213,5.47916258925959e-29,1.17783493162952,4.4348802145648505e-29,-1.2778409005683113,5.024704645191531e-06,1.0813292944204216,0.19651160614788976
diabetes_binary,Diabetes,BMXBMI,Body Mass Index (kg/m2),LBXGH,"Glycohemoglobin (HbA1c, %)",High-High,High,High,5947,794.0,4888,271.0,0.05544189852700491,488,62.0,0.12704918032786885,472,387.0,0.8199152542372882,99,74.0,0.7474747474747475,2.492286999194696,77.08016973064952,49.68818835084678,11.808314695434811,-2.83538160162729,0.0,0.9080766404030114,1.282009970913195e-09,4.351155038166755,1.5510440187789402e-227,-1.3386608086065077,8.345061512016342e-06,3.9205708699632593,-2.5819100613567514
high_cholesterol_binary,High Cholesterol,systolic_bp,Systolic BP (mmHg),diastolic_bp,Diastolic BP (mmHg),High-High,High,High,5490,1797.0,4617,1400.0,0.30322720381199914,351,200.0,0.5698005698005698,336,122.0,0.3630952380952381,186,75.0,0.4032258064516129,3.040445244095991,1.312031417350946,1.5556343586451347,1.9904518906851116,-0.8319770116356769,7.337933534609325e-149,1.113014541368789,4.2969913404899465e-23,0.2700220413470818,0.02197906500898433,-0.9431016588562174,1.6254782096620025e-05,0.4399349238596534,0.5031667349965641
hypertension_binary,Hypertension,systolic_bp,Systolic BP (mmHg),diastolic_bp,Diastolic BP (mmHg),High-High,High,High,5517,1937.0,4638,1391.0,0.2999137559292799,353,248.0,0.7025495750708215,338,169.0,0.5,188,129.0,0.6861702127659575,5.497179047466592,2.3338124326266616,5.079474118069792,3.3074724365067816,-0.8477085801794031,3.310803440507168e-154,1.7071769761868625,2.2480780400552488e-45,0.8477085801794034,7.725865190185095e-14,-0.9249020157309099,4.299049142809139e-05,1.6299835406353562,-0.7050815249044463
diabetes_binary,Diabetes,systolic_bp,Systolic BP (mmHg),LBXGH,"Glycohemoglobin (HbA1c, %)",High-High,High,High,5737,776.0,4726,275.0,0.05818874312314854,452,52.0,0.11504424778761062,452,370.0,0.8185840707964602,107,79.0,0.7383177570093458,2.1180760890991523,72.56363636363636,45.072022160664815,11.064777801325665,-2.784112971349283,0.0,0.7438921428227285,3.3182149269553134e-06,4.2908967297233005,1.8871508496056434e-215,-1.2134325589049284,4.689440961123372e-05,3.8213563136411004,-2.6079237547361718
diabetes_binary,Diabetes,LBXGLU,Fasting Glucose (mg/dL),LBXIN,Insulin (uIU/mL),High-High,High,High,2823,411.0,2331,156.0,0.06692406692406692,209,166.0,0.7942583732057417,211,37.0,0.17535545023696683,72,52.0,0.7222222222222222,53.20711688883993,2.9873119913582395,35.60001558482039,9.852184459329088,-2.634927936273247,8.919349894965679e-222,3.985715608936228,1.4292753742481242e-97,1.0867905497029426,4.807580801790906e-08,-1.482066777338487,6.681456693737645e-05,3.590439381300684,-2.108372603962197
arthritis_binary,Arthritis,systolic_bp,Systolic BP (mmHg),LBXGH,"Glycohemoglobin (HbA1c, %)",High-High,High,High,4766,1484.0,3916,1094.0,0.27936670071501535,389,189.0,0.48586118251928023,390,173.0,0.44358974358974357,71,28.0,0.39436619718309857,2.4373226367612264,2.057114202149725,1.6895606559442984,2.2164890708560607,-0.9476051494308325,5.657831270984082e-156,0.8910347979424381,1.1560328297188663e-16,0.7209993903881522,2.4238649563246004e-11,-1.0934246444181164,0.00012112181695850673,0.5186095439124738,0.5748151005056426
diabetes_binary,Diabetes,BMXWAIST,Waist Circumference (cm),LBXGH,"Glycohemoglobin (HbA1c, %)",High-High,High,High,5744,748.0,4743,243.0,0.051233396584440226,459,69.0,0.1503267973856209,428,344.0,0.8037383177570093,114,92.0,0.8070175438596491,3.289467249643089,75.35191912809982,75.98380104950947,11.746956165325804,-2.918771232417863,0.0,1.18673099789143,4.922035857903381e-16,4.328596090947948,8.629612747052023e-215,-1.1658097327307901,0.00012682998322853075,4.349517356108588,-3.1837076233777974
diabetes_binary,Diabetes,LBXIN,Insulin (uIU/mL),LBXSATSI,ALT Liver Enzyme (U/L),High-High,High,High,2818,411.0,2329,280.0,0.12022327179046802,214,76.0,0.35514018691588783,207,42.0,0.2028985507246377,68,13.0,0.19117647058823528,4.035772891368559,1.8763160303945805,1.7772799537505422,2.79962897372786,-1.9903175450696522,3.2172896107562306e-214,1.3937972001987786,5.046499973527401e-19,0.6220416894524399,0.0007328301228130095,-1.4679051723525005,0.00014632480976800878,0.547933717298718,0.9199714550537825
hypertension_binary,Hypertension,systolic_bp,Systolic BP (mmHg),LBXSUA,Uric Acid (mg/dL),High-High,High,High,5146,1818.0,4219,1223.0,0.2898791182744726,442,312.0,0.7058823529411765,412,231.0,0.5606796116504854,73,52.0,0.7123287671232876,5.864754245952899,3.1238104566112885,5.9804126552684345,4.127701785659229,-0.8959712089499374,1.2253494156908227e-153,1.7714399463038373,1.3765207909717745e-58,1.1398918882059053,1.6770537988645147e-27,-1.1086393447018006,0.0001981650827972359,1.8026924898079422,-0.6940531451061416
hypertension_binary,Hypertension,LBXGH,"Glycohemoglobin (HbA1c, %)",LBXSBU,BUN Kidney (mg/dL),High-High,High,High,5404,1899.0,4559,1344.0,0.2948014915551656,412,251.0,0.6092233009708737,330,226.0,0.6848484848484848,103,78.0,0.7572815533980582,3.7243730045697006,5.183697182033483,7.362362274772312,4.097024879277418,-0.8721771155886251,8.216967900706704e-159,1.3162256897359454,2.3264645702262168e-35,1.648321215719538,4.875992518417183e-41,-0.9545367880454676,0.0006369765891989881,2.010010117410016,-1.0554733293645482
high_cholesterol_binary,High Cholesterol,systolic_bp,Systolic BP (mmHg),BMXWAIST,Waist Circumference (cm),High-High,High,High,5235,1697.0,4275,1262.0,0.2952046783625731,436,231.0,0.5298165137614679,458,178.0,0.388646288209607,66,26.0,0.3939393939393939,2.6889267904892677,1.5189558955895588,1.5618188485515219,1.9988406512974035,-0.870238496029143,1.651089480790337e-148,0.9896462274125285,2.1074406953676978e-22,0.41723244315197866,3.984386186145912e-05,-0.9674230906278184,0.00078414097236608,0.4394555799366887,0.5279675106911297
hypertension_binary,Hypertension,systolic_bp,Systolic BP (mmHg),LBXSKSI,Potassium (mmol/L),High-Low,High,Low,5146,1818.0,4367,1317.0,0.3015800320586215,475,338.0,0.7115789473684211,265,138.0,0.5207547169811321,39,25.0,0.6410256410256411,5.7000200103501815,2.515127432377125,4.071857619577308,4.112278886060977,-0.8397851678581773,4.300161817441742e-143,1.7428501375130712,3.525858803922414e-60,0.9228517665567905,4.20119109688404e-13,-1.2460982409587424,0.0007917214450974306,1.419603663111119,-0.17350542215237663
high_cholesterol_binary,High Cholesterol,LBXTC,Total Cholesterol (mg/dL),LBXTR,Triglycerides (mg/dL),High-High,High,High,2589,865.0,2148,613.0,0.28538175046554937,183,116.0,0.6338797814207651,186,93.0,0.5,72,43.0,0.5972222222222222,4.319737993902623,2.5028524857375714,3.690646885748622,3.1106405392516248,-0.9179207240850862,2.9375776818014394e-82,1.4668182958004845,7.048205726787143e-20,0.9179207240850861,2.6573430360027417e-09,-1.0729140100933958,0.0009331687510173975,1.3118250097921749,-0.23891099969877905
diabetes_binary,Diabetes,diastolic_bp,Diastolic BP (mmHg),LBXSCR,Creatinine Kidney (mg/dL),Low-Low,Low,Low,5602,763.0,4639,614.0,0.1323561112308687,453,75.0,0.16556291390728478,420,71.0,0.16904761904761906,90,3.0,0.03333333333333333,1.3067093888018848,1.3401604756766319,0.2620341741253051,1.3411383335420233,-1.8802852617055206,0.0,0.26287917962224333,0.049151690223518,0.28789321654440864,0.03588979181959423,-2.0377829644476053,0.0009419445443891179,-1.4870105682809533,0.550772396166652
diabetes_binary,Diabetes,LBXSNASI,Sodium (mmol/L),LBXHGB,Hemoglobin (g/dL),Low-Low,Low,Low,5897,799.0,4973,599.0,0.12045043233460688,383,94.0,0.2454308093994778,490,100.0,0.20408163265306123,51,6.0,0.11764705882352941,2.381894238290112,1.8779510027028499,1.0424162992970332,2.0892438640400206,-1.9881716031212628,0.0,0.8650396972788343,7.948633780942746e-12,0.6271950499856624,1.8344252330300034e-07,-1.5189661646854984,0.0011244460778300513,-0.026731417421001602,1.4922347472644968
hypertension_binary,Hypertension,BMXBMI,Body Mass Index (kg/m2),LBXSAL,Albumin (g/dL),High-Low,High,Low,5325,1857.0,4544,1491.0,0.328125,447,222.0,0.4966442953020134,249,110.0,0.44176706827309237,85,34.0,0.4,2.02003147176201,1.6216709501992774,1.371470696405847,1.8564085894165894,-0.7166776779701389,6.543428156490356e-114,0.7032546576379981,1.7739259925889854e-12,0.48268411063186334,0.00024109127072170466,-0.874726198407887,0.0014291556534736908,0.31121256986197443,0.5635136285459126
high_cholesterol_binary,High Cholesterol,LBXGH,"Glycohemoglobin (HbA1c, %)",LBXSBU,BUN Kidney (mg/dL),High-High,High,High,5382,1763.0,4453,1238.0,0.2780148214686728,392,228.0,0.5816326530612245,414,217.0,0.5241545893719807,123,80.0,0.6504065040650406,3.6063909548392323,2.859200850354911,4.804620903113239,3.0456289918287003,-0.9543301834271783,4.7790454597486225e-179,1.2838093845574206,9.459777889355956e-33,1.0510238082296492,4.8892292504448694e-24,-0.7596764903795721,0.0014689583429756037,1.5751567024074975,-0.8154802120279254
thyroid_binary,Thyroid Problem,LBXGH,"Glycohemoglobin (HbA1c, %)",LBXGLU,Fasting Glucose (mg/dL),High-High,High,High,2425,312.0,2143,263.0,0.12272515165655623,42,10.0,0.23809523809523808,52,14.0,0.2692307692307692,188,25.0,0.13297872340425532,2.3056780032112103,2.6878188225436803,1.1130511985794616,2.4615337340364074,-1.96687302364623,4.0385149221777094e-196,0.8037222138405491,0.029055173858697447,0.9683441935351025,0.002438773669982164,-1.680067759667983,0.0014825606452256916,0.09199864770766863,1.5880691119603143
diabetes_binary,Diabetes,LBXSNASI,Sodium (mmol/L),LBXSAL,Albumin (g/dL),Low-Low,Low,Low,5900,800.0,5149,616.0,0.11963488055933191,389,92.0,0.2365038560411311,317,84.0,0.26498422712933756,45,8.0,0.17777777777777778,2.2864162696708856,2.6611561779820114,1.6668180589348471,2.4349530519797553,-1.9958922874073295,0.0,0.8239487256536699,8.163766032893665e-11,0.9756706326849424,3.7571281586926095e-13,-1.3352034418956709,0.001869991103781014,0.46441591644294156,0.8707875254527293
high_cholesterol_binary,High Cholesterol,diastolic_bp,Diastolic BP (mmHg),LBXSCR,Creatinine Kidney (mg/dL),High-High,High,High,5126,1698.0,4179,1297.0,0.31036133046183295,451,171.0,0.37915742793791574,435,210.0,0.4827586206896552,61,20.0,0.32786885245901637,1.3582922046029833,2.0738030238946634,1.097406968916127,1.6746569518972518,-0.7984305922430224,5.0503894484799914e-126,0.30530454557643283,0.0029377371750766365,0.7294377207560708,7.028170386788962e-13,-0.9541514672397983,0.0018716103975483015,0.08059079909270539,0.8735606681470929
arthritis_binary,Arthritis,LBXGH,"Glycohemoglobin (HbA1c, %)",LBXGLU,Fasting Glucose (mg/dL),High-High,High,High,2424,767.0,2142,632.0,0.2950513538748833,39,20.0,0.5128205128205128,53,30.0,0.5660377358490566,190,85.0,0.4473684210526316,2.510611128002432,3.099503826423345,1.9354138958095273,2.6753924984628,-0.870975535662113,1.7602005277588195e-75,0.9222688300496635,0.0044013727115682025,1.1366787013951192,5.2842465046241e-05,-1.3992810894498764,0.0018972417632369136,0.6596664419949063,0.7396146474549701
arthritis_binary,Arthritis,LBXGH,"Glycohemoglobin (HbA1c, %)",LBXSNASI,Sodium (mmol/L),High-Low,High,Low,4899,1525.0,4124,1199.0,0.290737148399612,393,185.0,0.4707379134860051,302,113.0,0.3741721854304636,80,28.0,0.35,2.1698899321559844,1.460785661571829,1.3239921395819685,1.8215347961418746,-0.8918066046384432,4.168127062398401e-149,0.7746243500154502,3.913413679324866e-13,0.3774474082911414,0.0022896315926780432,-0.8793043620743717,0.0019376302331778278,0.2727673962322199,0.6065369658421518
diabetes_binary,Diabetes,LBXSCR,Creatinine Kidney (mg/dL),LBXSUA,Uric Acid (mg/dL),High-High,High,High,5897,800.0,4948,558.0,0.1127728375101051,419,131.0,0.3126491646778043,363,66.0,0.18181818181818182,167,45.0,0.2694610778443114,3.5831974417735055,1.7572173363526256,2.919887453638573,2.5222035988473155,-2.0627255436879057,0.0,1.2749623867531115,9.117604175153438e-29,0.5586481469116316,9.694379883422937e-05,-0.768243544939774,0.002043958469372083,1.065366988724969,-0.29712344378519506
high_cholesterol_binary,High Cholesterol,systolic_bp,Systolic BP (mmHg),LBXGH,"Glycohemoglobin (HbA1c, %)",High-High,High,High,5238,1730.0,4311,1219.0,0.282765019717003,425,211.0,0.4964705882352941,415,246.0,0.5927710843373494,87,54.0,0.6206896551724138,2.500408570519272,3.687865934706545,4.125528568718523,2.9278328826151787,-0.9307872802260406,9.526508486015936e-167,0.9166693986802554,4.578608801556447e-19,1.3062201012353303,3.2055199034502335e-35,-0.7996257345917509,0.0023956566860276413,1.423263765323835,-0.623638030732084
diabetes_binary,Diabetes,LBXTR,Triglycerides (mg/dL),LBXSUA,Uric Acid (mg/dL),High-High,High,High,2819,410.0,2327,284.0,0.12204555221314999,225,65.0,0.28888888888888886,210,49.0,0.23333333333333334,57,12.0,0.21052631578947367,2.9312889750286066,2.201532208480469,1.9732903300565867,2.508616597473374,-1.973200356656415,3.980755965007719e-213,1.072413811318225,2.1321564409998192e-11,0.7836162897825787,7.55413988952957e-06,-1.2045855844267082,0.0024278594165006496,0.6514445166740956,0.5531410677526125
arthritis_binary,Arthritis,LBXGH,"Glycohemoglobin (HbA1c, %)",LBXSBU,BUN Kidney (mg/dL),High-High,High,High,4896,1524.0,4090,1123.0,0.2745721271393643,375,160.0,0.4266666666666667,333,188.0,0.5645645645645646,98,53.0,0.5408163265306123,1.9671859463042758,3.421889743789734,3.105703819989534,2.475327333182829,-0.9715476655523783,3.0302021955871085e-169,0.6760834526585424,8.307224149829177e-10,1.2312558859617526,2.4231568811934947e-26,-0.7721622492861147,0.002539483302542828,1.1351770893341804,-0.3630148400480657
hypertension_binary,Hypertension,BMXWAIST,Waist Circumference (cm),LBXHSCRP,hs-CRP Inflammation (mg/L),High-High,High,High,5128,1771.0,4262,1346.0,0.3158141717503519,354,193.0,0.5451977401129944,355,153.0,0.4309859154929577,157,79.0,0.5031847133757962,2.5951595640112712,1.6418707852548673,2.1935780662770425,2.002423435971934,-0.773075582923876,1.0404315500805017e-121,0.9543614068442985,1.3027177244592614e-17,0.4952458069151069,1.0014761665697917e-05,-0.6637926050580993,0.00283367581110182,0.785814608701306,-0.1220220036432067
arthritis_binary,Arthritis,BMXBMI,Body Mass Index (kg/m2),LBXTC,Total Cholesterol (mg/dL),High-Low,High,Low,4849,1496.0,3947,1140.0,0.2888269571826704,425,193.0,0.4541176470588235,422,147.0,0.34834123222748814,55,16.0,0.2909090909090909,2.0487194354485156,1.3179377338719367,1.0282798461700675,1.651378479742897,-0.9010880349733422,3.524508005125322e-145,0.7170408522119178,4.397877070048376e-12,0.27474952408550746,0.010989032878728693,-0.9816752652139481,0.00298523780186301,0.01011511108347718,0.9715601541304709
diabetes_binary,Diabetes,BMXWAIST,Waist Circumference (cm),LBXHSCRP,hs-CRP Inflammation (mg/L),High-High,High,High,6779,735.0,5643,474.0,0.08399787347155768,460,123.0,0.2673913043478261,460,76.0,0.16521739130434782,216,62.0,0.28703703703703703,3.9866260781329275,2.1675913733024017,4.407211133504524,2.743684038185436,-2.389227203500964,0.0,1.3813286285210198,8.004170944969406e-33,0.7693179911995678,1.041695840903465e-08,-0.6712376335881608,0.003181134273136227,1.479408986132427,-0.8081713525442663
high_cholesterol_binary,High Cholesterol,systolic_bp,Systolic BP (mmHg),BMXBMI,Body Mass Index (kg/m2),High-High,High,High,5419,1770.0,4410,1333.0,0.3022675736961451,467,248.0,0.5310492505353319,477,165.0,0.34591194968553457,65,24.0,0.36923076923076925,2.6127443067338683,1.222230221222347,1.3624577048350885,1.7872205734837816,-0.8365230551433336,1.4662775368440217e-143,0.9608800714918151,1.5214325145000722e-22,0.19946534123443171,0.049820895953746364,-0.8593405939392755,0.0032027372887849922,0.3010048187869714,0.5583357751523041
high_cholesterol_binary,High Cholesterol,LBXIN,Insulin (uIU/mL),LBDLDL,LDL Cholesterol (mg/dL),High-High,High,High,2555,846.0,2062,603.0,0.2924345295829292,242,92.0,0.38016528925619836,237,147.0,0.620253164556962,14,4.0,0.2857142857142857,1.4863875455193543,3.941579277419473,1.036454018227009,2.408872119983231,-0.8835893517956003,2.0225494055785484e-74,0.39474263474838484,0.0051155977499762265,1.3742122682440716,4.674021256958708e-22,-1.8016562830710114,0.0038139476147631478,-0.03270138007855494,1.7689549029924565
high_cholesterol_binary,High Cholesterol,LBXIN,Insulin (uIU/mL),LBXTC,Total Cholesterol (mg/dL),High-High,High,High,2579,863.0,2080,609.0,0.29278846153846155,245,95.0,0.3877551020408163,241,155.0,0.6431535269709544,13,4.0,0.3076923076923077,1.5319811729564292,4.340111054735474,1.1436034713527048,2.5560563846229396,-0.8818794528915401,8.013802259833399e-75,0.4251210503958249,0.002340780770941596,1.4709572735572785,7.163092173472311e-25,-1.8251290872778918,0.0038467415125384534,0.07094923667521158,1.7541798506026802
arthritis_binary,Arthritis,systolic_bp,Systolic BP (mmHg),BMXWAIST,Waist Circumference (cm),High-High,High,High,4748,1441.0,3865,1041.0,0.26934023285899095,409,188.0,0.45965770171149145,417,187.0,0.44844124700239807,57,25.0,0.43859649122807015,2.307915632189638,2.2060362629821206,2.127840762214262,2.22754022508708,-0.9979725299981639,9.223216018127944e-167,0.8362517913103598,2.444361807819345e-15,0.7910018379295554,4.756553501989433e-14,-0.8761411771732772,0.003890357847155238,0.7511124520666379,0.12502872510663932
diabetes_binary,Diabetes,LBXGH,"Glycohemoglobin (HbA1c, %)",LBXHSCRP,hs-CRP Inflammation (mg/L),High-High,High,High,5888,797.0,4842,288.0,0.05947955390334572,457,376.0,0.8227571115973742,479,48.0,0.10020876826722339,110,85.0,0.7727272727272727,72.92933621120457,1.7744175631738868,52.93230706494037,10.155733176608873,-2.7608007664877383,0.0,4.295940755205195,1.1672362078374096e-216,0.5658936872918813,0.0005526932845551783,-0.8772582443872226,0.004141550651395837,3.9845761981098535,-3.1073179537226308
diabetes_binary,Diabetes,LBXSATSI,ALT Liver Enzyme (U/L),LBXSUA,Uric Acid (mg/dL),High-High,High,High,5896,800.0,4901,611.0,0.1246684350132626,466,78.0,0.16738197424892703,418,95.0,0.22727272727272727,111,16.0,0.14414414414414414,1.4177187349713924,2.07128820229476,1.2122495109014397,1.704236882407125,-1.9489450527504668,0.0,0.3446485398167854,0.008721763046935156,0.7251696211283513,5.670486934727681e-09,-0.9021612775554295,0.0051322909870077805,0.1676568833897072,0.7345043941657223
arthritis_binary,Arthritis,BMXBMI,Body Mass Index (kg/m2),LBXTC,Total Cholesterol (mg/dL),TwoSided-TwoSided,Out-of-Bounds,Out-of-Bounds,4849,1496.0,3119,926.0,0.2968900288554024,775,259.0,0.33419354838709675,773,264.0,0.34152652005174644,182,47.0,0.25824175824175827,1.1894857714838292,1.229061750115321,0.8299396809402526,1.2210158673396947,-0.8621515137717087,2.951290315219543e-107,0.17287280998968366,0.04353878436308597,0.20565260036750177,0.016001026712168423,-0.5715010733138473,0.005169789784382384,-0.1929756629566618,0.37852541035718545
hypertension_binary,Hypertension,LBXSASSI,AST Liver Enzyme (U/L),LBXSUA,Uric Acid (mg/dL),High-High,High,High,5393,1895.0,4498,1445.0,0.3212538906180525,389,158.0,0.40616966580976865,412,244.0,0.5922330097087378,94,48.0,0.5106382978723404,1.4462990452980988,3.0651997860955977,2.2032745301510435,2.090910843106947,-0.7480153921883451,2.3224245577575297e-121,0.36819271469351833,0.000656353036188962,1.1212196380782882,1.6278101838379232e-26,-0.6988373461646656,0.005852624995792693,0.790575006607141,-0.09173766044247533
hypertension_binary,Hypertension,LBXTR,Triglycerides (mg/dL),LBXSUA,Uric Acid (mg/dL),High-High,High,High,2594,929.0,2132,691.0,0.324108818011257,202,86.0,0.42574257425742573,203,124.0,0.6108374384236454,57,28.0,0.49122807017543857,1.5477921666837349,3.2645602259239554,2.01393433582117,2.2005921986887027,-0.7349527722318523,8.289800853315181e-57,0.43570987737899575,0.003592649877319486,1.1857864853698676,4.431299157890408e-15,-0.9216349103282813,0.006182324503888331,0.6998614524205822,0.2217734579076991
hypertension_binary,Hypertension,systolic_bp,Systolic BP (mmHg),LBXSNASI,Sodium (mmol/L),High-Low,High,Low,5149,1819.0,4279,1312.0,0.306613694788502,479,343.0,0.7160751565762005,355,143.0,0.4028169014084507,36,21.0,0.5833333333333334,5.689649398220827,1.526807843137255,3.1361597542242707,3.1222487074338092,-0.8159986507867876,9.436055083966712e-134,1.7410742122166758,6.05276822708989e-60,0.4222570063746828,0.00019078494645441484,-1.0108603311833584,0.006382720702748563,1.1524708874080003,-0.14161055622464191
diabetes_binary,Diabetes,BMXWAIST,Waist Circumference (cm),LBXGLU,Fasting Glucose (mg/dL),High-High,High,High,2751,389.0,2270,137.0,0.06035242290748899,206,38.0,0.18446601941747573,210,162.0,0.7714285714285715,65,52.0,0.8,3.545281899109792,51.98781630740393,60.341414141414134,10.490064409196439,-2.7453037926432247,5.361987628064379e-213,1.2589259729663513,3.138491779609164e-10,3.961699116967718,3.6832300323656353e-100,-1.0890269361709535,0.0070225281403283315,4.1315981537631155,-3.0425712175921618
hypertension_binary,Hypertension,BMXBMI,Body Mass Index (kg/m2),LBXWBCSI,WBC Count (10^3/uL),High-High,High,High,5452,1898.0,4478,1472.0,0.32871817775792767,433,217.0,0.5011547344110855,431,165.0,0.382830626450116,110,44.0,0.4,2.05119649305787,1.2679633174808957,1.3662943436690198,1.6061407419935119,-0.7139882710240988,1.4694392436856739e-111,0.7186072168803933,1.2665138094231066e-12,0.2364374361429806,0.023101307602365215,-0.6465214901074396,0.007237336256631682,0.3085231629159343,0.33799832719150535
high_cholesterol_binary,High Cholesterol,LBXIN,Insulin (uIU/mL),LBXSATSI,ALT Liver Enzyme (U/L),High-High,High,High,2576,862.0,2131,681.0,0.31956827780384794,194,80.0,0.41237113402061853,187,81.0,0.43315508021390375,64,20.0,0.3125,1.4963812806966394,1.6287704215018652,0.980495766938429,1.5603864734299515,-0.7557565292651076,1.6513104774743558e-59,0.4015847155444935,0.008701626791327053,0.4867665898254791,0.0016543555226902007,-0.9210521364691352,0.00731827362215444,-0.032700831099162664,0.8883513053699725
high_cholesterol_binary,High Cholesterol,systolic_bp,Systolic BP (mmHg),LBXPLTSI,Platelet Count (10^3/uL),High-Low,High,Low,5248,1733.0,4287,1286.0,0.2999766736645673,444,234.0,0.527027027027027,447,181.0,0.40492170022371365,70,32.0,0.45714285714285713,2.5990779453727866,1.5889417380227195,1.9694782481412871,2.0101577319452253,-0.8474089406428023,1.3172629422911298e-142,0.9556225252830348,2.3753032009404284e-21,0.46240966312692916,5.7502300686426615e-06,-0.742473504693821,0.007456150395871415,0.675558683716143,0.06691482097767798
diabetes_binary,Diabetes,LBXSATSI,ALT Liver Enzyme (U/L),LBXSKSI,Potassium (mmol/L),High-High,High,High,5894,799.0,4771,565.0,0.11842381052190316,542,90.0,0.16605166051660517,547,141.0,0.2577696526508227,34,3.0,0.08823529411764706,1.487709991158267,2.589310747218878,0.8265055506434816,2.009971678527468,-2.007441625116205,0.0,0.39356911561423874,0.001479974401336796,0.9498483558926405,1.0167751282936771e-18,-1.6713507622077108,0.007480392169715383,-0.32793329070083166,1.3434174715068792
high_cholesterol_binary,High Cholesterol,diastolic_bp,Diastolic BP (mmHg),LBXIN,Insulin (uIU/mL),High-High,High,High,2452,824.0,1994,646.0,0.3239719157472417,212,83.0,0.3915094339622642,216,89.0,0.41203703703703703,30,6.0,0.2,1.3449282892438346,1.4641827032437105,0.5533879445049482,1.4145997176850174,-0.73557778768965,2.5269352168005016e-53,0.2946059911245754,0.047458568133010026,0.38002707096319865,0.00938166138022617,-1.3253496355180145,0.007973802092680563,-0.6507165734302405,0.6746330620877741
diabetes_binary,Diabetes,systolic_bp,Systolic BP (mmHg),LBXHSCRP,hs-CRP Inflammation (mg/L),High-High,High,High,6124,763.0,4994,497.0,0.09951942330796956,517,124.0,0.23984526112185686,543,123.0,0.2265193370165746,70,19.0,0.2714285714285714,2.860241486977454,2.6550887612856195,3.4229887300580573,2.679264064602,-2.2025757606740783,0.0,1.0490477144098542,2.1095087644451075e-20,0.9745054047690819,6.034310123836465e-18,-0.808364012062743,0.008935322474826386,1.2151891071161933,-0.4068250950534503
arthritis_binary,Arthritis,systolic_bp,Systolic BP (mmHg),LBXSUA,Uric Acid (mg/dL),TwoSided-TwoSided,Out-of-Bounds,Out-of-Bounds,4667,1456.0,3070,922.0,0.3003257328990228,669,229.0,0.3423019431988042,715,246.0,0.34405594405594403,213,59.0,0.27699530516431925,1.2134049444921235,1.2227855846183595,0.8969277589216021,1.2264706302438992,-0.845747232072161,2.345302186679496e-102,0.19269450871409372,0.03322992694753713,0.20047599955824463,0.022748116248032767,-0.5068384347080873,0.009163960563176652,-0.11366792643574897,0.39317050827233835
hypertension_binary,Hypertension,diastolic_bp,Diastolic BP (mmHg),LBXSCR,Creatinine Kidney (mg/dL),High-High,High,High,5148,1818.0,4225,1249.0,0.29562130177514795,421,238.0,0.5653206650831354,442,288.0,0.6515837104072398,60,43.0,0.7166666666666667,3.096149631514731,4.448227187315055,5.9213513977019385,3.6130444874274663,-0.8682368858274044,3.0075737232094007e-146,1.1310214066574584,1.4069978865943991e-27,1.494244763549721,1.1975239167308732e-45,-0.8290425127424288,0.009734781879374694,1.7962236574647505,-0.9671811447223218
hypertension_binary,Hypertension,diastolic_bp,Diastolic BP (mmHg),LBXSUA,Uric Acid (mg/dL),TwoSided-TwoSided,Out-of-Bounds,Out-of-Bounds,5146,1818.0,3435,1073.0,0.312372634643377,788,376.0,0.47715736040609136,727,282.0,0.3878954607977992,196,87.0,0.44387755102040816,2.0086801880001692,1.3955342902711323,1.7585863677255935,1.6354494330507485,-0.7890502541266093,6.593086027481834e-102,0.6976160481669778,3.5717176924524924e-18,0.3328830428984829,8.246005194862335e-05,-0.4668886005134112,0.010056350344575587,0.5636104905520496,-0.0967218900386384
hypertension_binary,Hypertension,BMXWAIST,Waist Circumference (cm),LBXSUA,Uric Acid (mg/dL),High-High,High,High,5131,1775.0,4258,1298.0,0.30483795209018316,401,205.0,0.5112219451371571,361,203.0,0.5623268698060941,111,69.0,0.6216216216216216,2.384363049555124,2.927239510767702,3.7283698385014383,2.530063972482292,-0.824364650054071,2.2571904406373468e-135,0.869259969961962,1.5191993524007796e-16,1.0749755960688914,4.1310569334617566e-22,-0.6234340296628914,0.011355306563896356,1.320801536367962,-0.6973675067050705
diabetes_binary,Diabetes,BMXBMI,Body Mass Index (kg/m2),LBXHSCRP,hs-CRP Inflammation (mg/L),High-High,High,High,7030,783.0,5863,538.0,0.09176189663994543,464,95.0,0.20474137931034483,464,89.0,0.19181034482758622,239,61.0,0.25523012552301255,2.5560162482111517,2.3571530129434355,3.4073094418826027,2.2750002660600868,-2.2923094304158416,0.0,0.9353896779758553,3.836690238837202e-14,0.8540197741775707,1.3574941537171594e-11,-0.5680097078563584,0.012061236277595795,1.2213997442970674,-0.653390036440709
arthritis_binary,Arthritis,systolic_bp,Systolic BP (mmHg),LBXHSCRP,hs-CRP Inflammation (mg/L),High-High,High,High,4663,1452.0,3801,1071.0,0.281767955801105,396,191.0,0.4823232323232323,412,167.0,0.4053398058252427,54,23.0,0.42592592592592593,2.374690186915357,1.7386546260120337,1.9011102963506137,2.007814777651754,-0.9357088177312571,1.734224631359636e-148,0.8649722666394789,5.662856699689829e-16,0.552444419603285,2.2068272863616792e-07,-0.7802008570675032,0.012340931733411225,0.6372158291752608,0.14298502789224243
diabetes_binary,Diabetes,LBXTR,Triglycerides (mg/dL),LBXSUA,Uric Acid (mg/dL),TwoSided-TwoSided,Out-of-Bounds,Out-of-Bounds,2819,410.0,1849,247.0,0.13358572201189833,426,77.0,0.1807511737089202,406,70.0,0.1724137931034483,138,16.0,0.11594202898550725,1.4357451481915,1.3565221306677473,0.8721088435374149,1.408209080201573,-1.8696197910003276,1.0664901344991242e-164,0.3583532906515841,0.012373329058357476,0.3010038730864827,0.04211461055068353,-0.8211696952312141,0.012661100873934638,-0.16181253149314723,0.6593571637380669
hypertension_binary,Hypertension,diastolic_bp,Diastolic BP (mmHg),LBXTC,Total Cholesterol (mg/dL),TwoSided-TwoSided,Out-of-Bounds,Out-of-Bounds,5172,1824.0,3415,1077.0,0.31537335285505125,762,365.0,0.479002624671916,766,283.0,0.36945169712793735,229,99.0,0.43231441048034935,1.9955855185395963,1.2725553473440232,1.6547510467504065,1.5453320793612755,-0.775116464875625,2.4076986099139803e-98,0.6910775377709262,1.9450342684783423e-17,0.2405467088662901,0.003935387092145661,-0.42892238208258393,0.013290656793458318,0.5027018645546323,-0.07377948247204835
diabetes_binary,Diabetes,systolic_bp,Systolic BP (mmHg),BMXBMI,Body Mass Index (kg/m2),High-High,High,High,6633,797.0,5416,530.0,0.09785819793205318,563,136.0,0.24156305506216696,557,106.0,0.19030520646319568,97,25.0,0.25773195876288657,2.9410949617209847,2.1727230313031334,3.2397737983034873,2.4639746274001335,-2.2212522452715184,0.0,1.0771231177789455,3.357584922822723e-23,0.7732239998809072,4.2290120583644754e-11,-0.6868851665361889,0.013506343279424241,1.1634619511236637,-0.47657678458747477
heart_attack_binary,Heart Attack,LBXSCR,Creatinine Kidney (mg/dL),LBXSBU,BUN Kidney (mg/dL),High-High,High,High,4904,243.0,4198,148.0,0.03525488327775131,275,31.0,0.11272727272727273,225,28.0,0.12444444444444444,206,36.0,0.17475728155339806,3.5140980355704285,3.93604398414525,5.839163877287045,3.082859922596961,-3.3092598863364713,0.0,1.2460788655284158,2.1756064615631497e-09,1.3582606677736866,5.200785437111728e-10,-0.847359145559783,0.013558994505538586,1.7569803877423196,-0.9096212421825366
depression_binary,Depression,LBXGH,"Glycohemoglobin (HbA1c, %)",LBXSBU,BUN Kidney (mg/dL),TwoSided-TwoSided,Out-of-Bounds,Out-of-Bounds,790,410.0,549,269.0,0.4899817850637523,103,62.0,0.6019417475728155,110,67.0,0.6090909090909091,28,12.0,0.42857142857142855,1.5674944676665847,1.6150598170302604,0.7884972170686456,1.614207489463672,-0.04007822356741024,0.6387572058680506,0.4536405419081941,0.03801192744529704,0.48357072726481376,0.023343833482064227,-1.1848151180573787,0.013863573843250928,-0.24760384888437081,0.9372112691730079
hypertension_binary,Hypertension,diastolic_bp,Diastolic BP (mmHg),LBXGH,"Glycohemoglobin (HbA1c, %)",High-High,High,High,5263,1855.0,4313,1286.0,0.2981683283097612,446,251.0,0.5627802690582959,456,285.0,0.625,48,33.0,0.6875,3.0273705994674183,3.917566249196919,5.08613016060078,3.3753354421840096,-0.8560354042241538,7.4494231294146225e-146,1.108488784792191,5.642248414626017e-28,1.3668610279901448,1.0124838098932381e-40,-0.830857048193912,0.014943211448063065,1.6444927645884237,-0.8136357163945117
high_cholesterol_binary,High Cholesterol,LBXGLU,Fasting Glucose (mg/dL),LBXPLTSI,Platelet Count (10^3/uL),High-Low,High,Low,2637,876.0,2161,633.0,0.2929199444701527,221,138.0,0.6244343891402715,214,84.0,0.3925233644859813,41,21.0,0.5121951219512195,4.002046420182524,1.5623021165029167,2.530482992280594,2.4656628672333314,-0.8812445475822903,1.420105697848155e-77,1.3896576249428967,2.7705695374508314e-21,0.4445268959700212,0.0026249147835041096,-0.9041498091611957,0.015209702797259724,0.9300347117517223,-0.02588490259052656
hypertension_binary,Hypertension,systolic_bp,Systolic BP (mmHg),LBXPLTSI,Platelet Count (10^3/uL),High-Low,High,Low,5274,1859.0,4306,1306.0,0.3032977241058987,446,313.0,0.7017937219730942,450,192.0,0.4266666666666667,72,48.0,0.6666666666666666,5.3931251263131195,1.7102295396992127,4.54631864226747,2.8831283263253327,-0.8316432578138707,7.061823345890325e-139,1.6874973201322703,2.3025725322967813e-54,0.5361790449200349,1.076536918905068e-07,-0.698885926678489,0.015516780770711907,1.524790438373816,-0.825904511695327
hypertension_binary,Hypertension,BMXWAIST,Waist Circumference (cm),LBXIN,Insulin (uIU/mL),High-High,High,High,2469,873.0,2067,665.0,0.3217223028543783,155,87.0,0.5612903225806452,158,74.0,0.46835443037974683,89,47.0,0.5280898876404494,2.6919828678289197,1.8580370678272775,2.3553719008264467,2.1470163934426227,-0.745868026938681,1.627871355926893e-56,0.9922684404171586,3.950524403497927e-09,0.6191163212995375,0.00019588792267738047,-0.753038751351325,0.0166538021206059,0.8583460103653711,-0.10530725901404603
arthritis_binary,Arthritis,systolic_bp,Systolic BP (mmHg),LBXSUA,Uric Acid (mg/dL),High-High,High,High,4667,1456.0,3819,1083.0,0.2835820895522388,386,187.0,0.4844559585492228,400,159.0,0.3975,62,27.0,0.43548387096774194,2.3736949665349343,1.6680539353238535,1.956459569600343,1.9631507317673984,-0.9267620317414508,6.077341130054001e-147,0.864565823871545,1.184317460348107e-15,0.5108693004710275,2.388322420593175e-06,-0.7081842880862065,0.016791141171010222,0.6672508362563662,0.04093345182984032
high_cholesterol_binary,High Cholesterol,diastolic_bp,Diastolic BP (mmHg),BMXWAIST,Waist Circumference (cm),High-High,High,High,5235,1697.0,4307,1336.0,0.3101927095426051,404,157.0,0.3886138613861386,434,174.0,0.4009216589861751,90,30.0,0.3333333333333333,1.414855626976839,1.4893421310567825,1.1208596525400933,1.449090211049407,-0.7992185213660157,4.899422062510577e-130,0.34607599008634626,0.001252090008148729,0.3975921895650168,0.00011930025936667286,-0.6375968388452928,0.016791762765541472,0.10607134080607028,0.5315254980392226
thyroid_binary,Thyroid Problem,LBXTC,Total Cholesterol (mg/dL),LBXSBU,BUN Kidney (mg/dL),High-High,High,High,4896,598.0,4022,446.0,0.11089010442565887,446,64.0,0.14349775784753363,394,86.0,0.2182741116751269,34,2.0,0.058823529411764705,1.3507191006301738,2.245937700211078,0.6161598759583082,1.753626417449104,-2.08168118427334,0.0,0.2951436590264364,0.04054070352719561,0.8059286975532732,9.941149794015886e-10,-1.7919798945461514,0.017310819701321638,-0.6909075379664418,1.1010723565797096
arthritis_binary,Arthritis,BMXWAIST,Waist Circumference (cm),LBXSAPSI,Alkaline Phosphatase (U/L),High-High,High,High,4647,1425.0,3789,1060.0,0.2797571918712061,400,184.0,0.46,395,155.0,0.3924050632911392,63,26.0,0.4126984126984127,2.1933649320062325,1.664131872052664,1.8188087380166589,1.8936509960689514,-0.9456663336022252,1.6875552314429663e-150,0.7853236835270453,1.7907806486755214e-13,0.5084525271794806,3.232247620473136e-06,-0.7009312517270431,0.017795965674453205,0.5928449589794828,0.10808629274756032
stroke_binary,Stroke,systolic_bp,Systolic BP (mmHg),LBXTC,Total Cholesterol (mg/dL),TwoSided-TwoSided,Out-of-Bounds,Out-of-Bounds,4694,223.0,3071,115.0,0.03744708563985672,692,51.0,0.07369942196531792,738,47.0,0.06368563685636856,193,10.0,0.05181347150259067,2.05497464343918,1.7583176043045894,1.464701511023037,1.849208045865319,-3.2466601537048443,1.0019539024683824e-255,0.7154563295084995,3.840654358358071e-05,0.5586679316472335,0.0017188991660866877,-0.9343651672982638,0.01888698409838309,0.3397590938574693,0.5946060734407945
heart_attack_binary,Heart Attack,LBDHDD,HDL Cholesterol (mg/dL),LBXSASSI,AST Liver Enzyme (U/L),Low-High,Low,High,4888,243.0,4063,182.0,0.04479448683238986,373,34.0,0.09115281501340483,378,26.0,0.06878306878306878,74,1.0,0.013513513513513514,2.1613049004377913,1.59890799572525,0.4340508806262231,1.8854659833990397,-3.059841444292112,0.0,0.7602018615278231,9.863410689238449e-05,0.45430680671549667,0.0362293053337015,-2.4451266650995986,0.019352653674534086,-1.230617996856279,1.2145086682433197
stroke_binary,Stroke,LBXSAPSI,Alkaline Phosphatase (U/L),LBXSKSI,Potassium (mmol/L),High-High,High,High,4905,239.0,3987,160.0,0.040130423877602205,436,43.0,0.09862385321100918,432,35.0,0.08101851851851852,50,1.0,0.02,2.636238406821124,2.1297635141754343,0.722647031058246,2.383609151240642,-3.174662670191874,0.0,0.962053174016175,8.69670111581719e-08,0.746074450994097,0.00011932818785129246,-2.4252852529290245,0.01982592140050601,-0.7171576279187526,1.708127625010272
hypertension_binary,Hypertension,BMXBMI,Body Mass Index (kg/m2),LBXHGB,Hemoglobin (g/dL),High-Low,High,Low,5452,1898.0,4451,1439.0,0.3232981352505055,465,226.0,0.4860215053763441,458,198.0,0.43231441048034935,78,35.0,0.44871794871794873,1.9791471029505285,1.5946602540469441,1.7078687123961465,1.761082547450808,-0.7386558820324167,1.470334639691579e-117,0.6827273293731917,3.523216069212835e-12,0.4662412817114241,2.8641630578753973e-06,-0.6161647832563479,0.020183280934992807,0.5328038278282679,0.08336095542808009
hypertension_binary,Hypertension,systolic_bp,Systolic BP (mmHg),LBXSBU,BUN Kidney (mg/dL),High-High,High,High,5146,1818.0,4312,1242.0,0.2880333951762523,420,285.0,0.6785714285714286,319,212.0,0.664576802507837,95,79.0,0.8315789473684211,5.206903413098518,4.884984324551963,11.90682275471008,4.791598893790638,-0.904954578087819,1.6672033459179298e-159,1.65216897991804,3.31526294142707e-51,1.588712018297925,5.20178443197599e-38,-0.7390672899009059,0.020208330840604697,2.501813708315059,-1.762746418414153
diabetes_binary,Diabetes,LBXSASSI,AST Liver Enzyme (U/L),LBXSUA,Uric Acid (mg/dL),High-High,High,High,5878,800.0,4879,602.0,0.12338593974175036,473,87.0,0.1839323467230444,421,92.0,0.21852731591448932,105,19.0,0.18095238095238095,1.6072799300027376,1.993054987123707,1.6004844937999185,1.7613621605940857,-1.9607496629180887,0.0,0.4708204121078422,0.0001956976914213167,0.6864804892017572,4.743907734776196e-08,-0.7064595554785777,0.021312628866539434,0.45084134583102164,0.2556182096475561
hypertension_binary,Hypertension,LBXGLU,Fasting Glucose (mg/dL),LBDHDD,HDL Cholesterol (mg/dL),High-High,High,High,2606,931.0,2115,674.0,0.3186761229314421,249,164.0,0.6586345381526104,231,89.0,0.3852813852813853,11,4.0,0.36363636363636365,4.111804715643816,1.3422730287542428,1.2822831727205337,2.3788398778818824,-0.7598624850872153,1.2973611439379842e-59,1.417077656421097,1.3737750678977796e-23,0.2926717972180949,0.04072556728130847,-1.5095027564874,0.021514553309737505,0.200246697151792,1.309256059335608
hypertension_binary,Hypertension,BMXBMI,Body Mass Index (kg/m2),LBXGH,"Glycohemoglobin (HbA1c, %)",High-High,High,High,5442,1894.0,4471,1363.0,0.3048535003354954,455,205.0,0.45054945054945056,428,270.0,0.6308411214953271,88,56.0,0.6363636363636364,1.8702506977244633,3.8907536389811432,3.9633353078897637,2.5752646194399302,-0.8242912797910055,5.047744010143728e-142,0.6258403410671668,3.4004626672432927e-10,1.3601182057624135,3.632349157119368e-38,-0.6020514791031523,0.02197775348425722,1.3839070677264282,-0.781855588623276
arthritis_binary,Arthritis,BMXBMI,Body Mass Index (kg/m2),LBXSAL,Albumin (g/dL),High-Low,High,Low,4829,1493.0,4103,1193.0,0.29076285644650257,398,179.0,0.44974874371859297,248,91.0,0.36693548387096775,80,30.0,0.375,1.9942293726554141,1.4167255171863467,1.4728334584610534,1.73845470861412,-0.8916819380676217,2.524569842468296e-148,0.6899960140918764,9.111520897967293e-11,0.34629563923616385,0.010982744265356373,-0.6554353390264093,0.022107804618742066,0.3808563143016309,0.27457902472477835
hypertension_binary,Hypertension,LBXTR,Triglycerides (mg/dL),LBXSCR,Creatinine Kidney (mg/dL),High-High,High,High,2596,929.0,2116,664.0,0.31379962192816635,226,95.0,0.42035398230088494,221,151.0,0.6832579185520362,33,19.0,0.5757575757575758,1.5874453189596227,4.697260778380802,2.939596793025609,2.624734752705114,-0.7824150459083075,1.2853525102211545e-62,0.461094614307697,0.0012296848752165444,1.5511996406738726,1.873720871346797e-24,-0.9244975595220806,0.022982156043006692,1.0877966954594889,-0.1632991359374083
hypertension_binary,Hypertension,diastolic_bp,Diastolic BP (mmHg),BMXWAIST,Waist Circumference (cm),High-High,High,High,5262,1818.0,4332,1312.0,0.3028624192059095,406,226.0,0.5566502463054187,432,222.0,0.5138888888888888,92,58.0,0.6304347826086957,2.8878227146814406,2.4325257323832146,3.9022608695652177,2.559779158517154,-0.8337041408648813,2.8280066014493675e-140,1.0612822892469567,6.422054171245984e-24,0.8892739920196925,2.3942372424694917e-18,-0.5827696544715095,0.024350741979426386,1.3677866267951397,-0.7850169723236302
heart_attack_binary,Heart Attack,LBXIN,Insulin (uIU/mL),LBXSASSI,AST Liver Enzyme (U/L),High-High,High,High,2367,126.0,1947,89.0,0.04571135079609656,188,19.0,0.10106382978723404,184,17.0,0.09239130434782608,48,1.0,0.020833333333333332,2.388935581153903,2.1695155507379305,0.655748309320788,2.2838531191252165,-3.0386195496416435,1.4758515918588683e-172,0.8531598138850103,0.0012943521262087053,0.7538390812811043,0.006449939556244748,-2.41852694723453,0.02451073093535202,-0.8115280520684154,1.6069988951661145
high_cholesterol_binary,High Cholesterol,LBXGH,"Glycohemoglobin (HbA1c, %)",LBXTC,Total Cholesterol (mg/dL),TwoSided-TwoSided,Out-of-Bounds,Out-of-Bounds,5410,1768.0,3648,1058.0,0.29002192982456143,682,262.0,0.3841642228739003,861,356.0,0.413472706155633,219,92.0,0.4200913242009132,1.5277631898952875,1.725961518244983,1.7755147406151879,1.5785059041109366,-0.8952775422753385,5.941030032719216e-133,0.4233673347590215,1.065211295647422e-06,0.5456498438520092,3.066561770766662e-12,-0.396138145745243,0.02459696032817327,0.5728790328657877,-0.1767408871205447
diabetes_binary,Diabetes,LBXGH,"Glycohemoglobin (HbA1c, %)",LBXIN,Insulin (uIU/mL),High-High,High,High,2820,411.0,2336,152.0,0.06506849315068493,202,170.0,0.8415841584158416,218,35.0,0.16055045871559634,64,54.0,0.84375,75.14900378310215,2.771242238799303,74.35144418423107,10.133980887962561,-2.665032816018518,1.692901644306502e-221,4.335095350269054,1.566462894208631e-94,1.0108947246665112,6.099782197065383e-07,-0.9945583053468185,0.024939223510169084,4.351431769588746,-3.356873464241928
stroke_binary,Stroke,LBXGH,"Glycohemoglobin (HbA1c, %)",LBXSBU,BUN Kidney (mg/dL),High-High,High,High,4902,239.0,4094,157.0,0.03834880312652662,377,26.0,0.06896551724137931,333,46.0,0.13813813813813813,98,10.0,0.10204081632653061,1.8847795163584635,4.043478260869565,2.9661016949152543,2.7288654612606504,-3.2219284855954298,0.0,0.6192388001510459,0.0046785465381698555,1.3910876663249032,6.436320589021345e-15,-0.9631497023646803,0.0249496228852439,1.0471767641112688,-0.08402706174658847
hypertension_binary,Hypertension,BMXWAIST,Waist Circumference (cm),LBXSAL,Albumin (g/dL),High-Low,High,Low,5133,1776.0,4210,1329.0,0.3156769596199525,413,223.0,0.5399515738498789,411,173.0,0.4209245742092457,99,51.0,0.5151515151515151,2.542803670789741,1.576672083182546,2.301419415872179,1.9635838739029245,-0.7737106763712835,2.0481181923595494e-120,0.9338583756709158,3.0591130838759507e-19,0.454731597197588,1.5623576481824926e-05,-0.5542546746807857,0.025145662056433277,0.8343352981877181,-0.2800806235069324
high_cholesterol_binary,High Cholesterol,LBXSBU,BUN Kidney (mg/dL),LBXPLTSI,Platelet Count (10^3/uL),High-Low,High,Low,5383,1762.0,4424,1304.0,0.29475587703435807,422,237.0,0.5616113744075829,423,161.0,0.3806146572104019,114,60.0,0.5263157894736842,3.062667172208166,1.4717136651517642,2.65545518160496,2.0717487118493483,-0.87239653831693,3.121163172722177e-154,1.120100854373736,2.700457985007734e-27,0.385456399540296,0.0002561195949164487,-0.5278001999392757,0.025624823522027117,0.9777570539747563,-0.4499568540354806
stroke_binary,Stroke,systolic_bp,Systolic BP (mmHg),LBDLDL,LDL Cholesterol (mg/dL),TwoSided-TwoSided,Out-of-Bounds,Out-of-Bounds,2249,103.0,1483,51.0,0.03438975050573163,324,21.0,0.06481481481481481,344,27.0,0.07848837209302326,98,4.0,0.04081632653061224,1.9704579261368178,2.409219478633132,1.3245492371705962,2.149828313406073,-3.3350017147962636,3.930586415888812e-121,0.6657913470103182,0.012605972405334134,0.8719368069233123,0.0003926245371196398,-1.35972686028748,0.025801008549761584,0.17800129364615058,1.1817255666413293
heart_attack_binary,Heart Attack,LBXGH,"Glycohemoglobin (HbA1c, %)",LBXSAPSI,Alkaline Phosphatase (U/L),High-High,High,High,4901,243.0,4036,167.0,0.041377601585728445,378,39.0,0.10317460317460317,390,30.0,0.07692307692307693,97,7.0,0.07216494845360824,2.687802519068868,1.9544952077338689,1.914488331821555,2.254457236134693,-3.1427575422837584,0.0,0.9803190810329544,1.5025819740624713e-07,0.6578508924957576,0.0013915165670134728,-1.0493119525199055,0.02692845907951643,0.5888580210088064,0.46045393151109915
diabetes_binary,Diabetes,systolic_bp,Systolic BP (mmHg),LBXSUA,Uric Acid (mg/dL),High-High,High,High,5600,763.0,4629,545.0,0.11773601209764528,468,112.0,0.23931623931623933,426,88.0,0.20657276995305165,77,18.0,0.23376623376623376,2.362855339427652,1.957621576833147,2.328085404647652,2.1228316286604794,-2.0140463846213126,0.0,0.8576145250643763,2.9659638054261113e-13,0.6683373036165,1.8034931834264194e-07,-0.6990711300691184,0.02755455280511615,0.8268806986117581,-0.1278095685426397
diabetes_binary,Diabetes,systolic_bp,Systolic BP (mmHg),LBXSKSI,Potassium (mmol/L),High-High,High,High,5599,762.0,4576,518.0,0.1131993006993007,484,113.0,0.2334710743801653,479,115.0,0.24008350730688935,60,16.0,0.26666666666666666,2.391408854873062,2.4802830259810866,2.9022894477370986,2.384538877290224,-2.058470278126278,0.0,0.8696560342311837,1.1360049892663303e-13,0.9062485388527876,8.141567804650935e-15,-0.7290352066361732,0.028219825781458305,1.046869366447798,-0.3178341598116248
diabetes_binary,Diabetes,LBXSNASI,Sodium (mmol/L),LBXSCA,Calcium (mg/dL),Low-Low,Low,Low,5897,800.0,4971,619.0,0.12452222892778113,385,93.0,0.24155844155844156,492,81.0,0.16463414634146342,49,7.0,0.14285714285714285,2.245862737388161,1.3915064965376969,1.239851872952571,1.7398817110434601,-1.9502855158511818,0.0,0.8061312067361561,1.9085613521775256e-10,0.32614145602738626,0.011421985062488376,-0.9737466161404156,0.02843166558011332,0.15852604662312686,0.8152205695172887
hypertension_binary,Hypertension,LBXGLU,Fasting Glucose (mg/dL),LBXSNASI,Sodium (mmol/L),High-Low,High,Low,2599,931.0,2208,706.0,0.3197463768115942,223,147.0,0.6591928251121076,131,57.0,0.4351145038167939,37,21.0,0.5675675675675675,4.100463020782741,1.6413979490540855,2.771129554569045,2.836211482914911,-0.7549375948308379,1.759497332397701e-61,1.4146368413232426,1.6001800014209634e-21,0.4939237694612186,0.006663109534652207,-0.8816893004699818,0.029081679345106356,1.0268713103144793,-0.14518200984449747
arthritis_binary,Arthritis,BMXWAIST,Waist Circumference (cm),LBXSUA,Uric Acid (mg/dL),High-High,High,High,4647,1425.0,3837,1078.0,0.28094865780557726,362,165.0,0.4558011049723757,347,137.0,0.39481268011527376,101,45.0,0.44554455445544555,2.1440807966995887,1.6713247593594076,2.060502746768086,1.860288155168036,-0.9397608227483435,6.802440494436179e-151,0.7625025679109353,7.915124150839619e-12,0.5126342178589995,9.140802674647002e-06,-0.5540651639864208,0.029221100859433455,0.7210716217835139,-0.1670064577970931
high_cholesterol_binary,High Cholesterol,LBDLDL,LDL Cholesterol (mg/dL),LBXSATSI,ALT Liver Enzyme (U/L),High-High,High,High,2555,846.0,2086,612.0,0.29338446788111217,224,138.0,0.6160714285714286,218,83.0,0.38073394495412843,27,13.0,0.48148148148148145,3.8545381620856434,1.4834942390240229,2.241323011963406,2.3796962430055952,-0.8790027902369559,1.2115605854220563e-74,1.3519091791406528,1.5741416902879163e-20,0.3925686195951244,0.007796382362432046,-0.9395829806525433,0.030673654927649997,0.8048948180832338,0.1346881625693095
hypertension_binary,Hypertension,LBXIN,Insulin (uIU/mL),LBXSASSI,AST Liver Enzyme (U/L),High-High,High,High,2585,925.0,2132,710.0,0.3330206378986867,206,105.0,0.5097087378640777,195,87.0,0.4461538461538462,52,23.0,0.4423076923076923,2.0810121228719107,1.614605797825248,1.5949021338517873,1.818292002414292,-0.6945546403278252,1.300907909782384e-51,0.733394473644089,5.808728939185774e-07,0.4783315318581896,0.0015598700884049777,-0.7489729792317777,0.030784984267590184,0.46275302627050097,0.2862199529612768
high_cholesterol_binary,High Cholesterol,LBXSBU,BUN Kidney (mg/dL),LBXSKSI,Potassium (mmol/L),High-High,High,High,5383,1760.0,4443,1313.0,0.2955210443394103,412,231.0,0.5606796116504854,404,151.0,0.37376237623762376,124,65.0,0.5241935483870968,3.0398908977654173,1.4243551827517158,2.623662483645914,2.0368427181694218,-0.8687184092314025,7.911399184417968e-154,1.1126390884873707,1.9393066256615844e-26,0.35260875731880675,0.001090822462432248,-0.49967961058485716,0.03128765486985404,0.9655682352213204,-0.46588862463646324
diabetes_binary,Diabetes,LBXGLU,Fasting Glucose (mg/dL),LBXIN,Insulin (uIU/mL),TwoSided-TwoSided,Out-of-Bounds,Out-of-Bounds,2823,411.0,1893,137.0,0.07237189646064449,365,164.0,0.44931506849315067,407,44.0,0.10810810810810811,158,66.0,0.4177215189873418,10.428847281750508,1.563871451794423,9.183862407862406,3.355035766904677,-2.5508128483669372,7.659302254546171e-182,2.34737436813206,3.1568879713678243e-65,0.4405996480203474,0.015837879866985642,-0.569295002808085,0.0319582951638905,2.218679013344322,-1.649384010536237
diabetes_binary,Diabetes,BMXBMI,Body Mass Index (kg/m2),LBXGLU,Fasting Glucose (mg/dL),High-High,High,High,2840,407.0,2334,158.0,0.0676949443016281,229,34.0,0.14847161572052403,224,174.0,0.7767857142857143,53,41.0,0.7735849056603774,2.423269623306736,47.449698597620014,45.58977917981072,9.316616388221062,-2.6226485749488684,2.4266440552838582e-222,0.8760095410012825,1.6394456220376126e-05,3.869680868735251,4.252402761284788e-102,-0.8943764178713582,0.03241985394785342,3.851313991865175,-2.956937573993817
depression_binary,Depression,BMXBMI,Body Mass Index (kg/m2),LBXGH,"Glycohemoglobin (HbA1c, %)",High-High,High,High,794,407.0,657,319.0,0.4855403348554033,60,38.0,0.6333333333333333,58,40.0,0.6896551724137931,19,10.0,0.5263157894736842,1.812867327421318,2.319375713741911,1.1709908574252534,2.044155941475112,-0.05785479269817427,0.45859811356576896,0.6043984990662443,0.030312187177635674,0.8563624889159461,0.0036233594249224974,-1.2975456796261897,0.03280130141561095,0.16321530835600062,1.134330371270189
diabetes_binary,Diabetes,BMXWAIST,Waist Circumference (cm),LBXSATSI,ALT Liver Enzyme (U/L),High-High,High,High,5610,737.0,4586,510.0,0.11120802442215438,464,134.0,0.28879310344827586,463,70.0,0.1511879049676026,97,23.0,0.23711340206185566,3.249694390566633,1.430658832870582,2.518855707984671,2.19897742736321,-2.0784606686242446,0.0,1.1772078141146298,1.522007475350273e-25,0.3531462988043419,0.010480953159170775,-0.6204643215697472,0.03491141865791066,0.9098897913492245,-0.28942546977947736
high_cholesterol_binary,High Cholesterol,BMXWAIST,Waist Circumference (cm),LBXTC,Total Cholesterol (mg/dL),High-High,High,High,5134,1665.0,4161,1208.0,0.29031482816630616,473,177.0,0.37420718816067655,464,263.0,0.5668103448275862,36,17.0,0.4722222222222222,1.4630662096267237,3.1959199261640303,2.1932783807008054,2.1476394621003836,-0.893855503249162,5.566524961774395e-151,0.3796457814989307,0.00016987383401367853,1.1627046273678507,2.044692722818651e-31,-0.7597205407278437,0.035410457871466405,0.7826298681389378,-0.022909327411094083
hypertension_binary,Hypertension,LBXGH,"Glycohemoglobin (HbA1c, %)",LBXGLU,Fasting Glucose (mg/dL),High-High,High,High,2652,945.0,2344,748.0,0.3191126279863481,45,28.0,0.6222222222222222,57,33.0,0.5789473684210527,206,136.0,0.6601941747572816,3.4736329802462067,2.9164587678758878,4.129720433775352,2.7921227022277915,-0.7578528000352761,1.4086246731153805e-65,1.2568439661542643,5.2123137773305225e-05,1.0763065311538107,7.54631408853181e-05,-0.9111380535861059,0.03664554350767413,1.422012443721969,-0.5108743901358631
hypertension_binary,Hypertension,systolic_bp,Systolic BP (mmHg),LBXGH,"Glycohemoglobin (HbA1c, %)",High-High,High,High,5263,1855.0,4328,1246.0,0.28789279112754157,431,291.0,0.6751740139211136,419,250.0,0.5966587112171837,85,68.0,0.8,5.1306576563844954,3.654675569470624,9.679731820526044,4.125426536745914,-0.9056403165326626,2.780400043621979e-160,1.637321161094851,9.818512229476432e-52,1.2972025194718353,5.276315017558165e-35,-0.6425890029141335,0.03723678393439438,2.2919346776525527,-1.6493456747384192
stroke_binary,Stroke,systolic_bp,Systolic BP (mmHg),BMXWAIST,Waist Circumference (cm),High-High,High,High,4750,216.0,3872,142.0,0.03667355371900827,408,45.0,0.11029411764705882,414,26.0,0.06280193236714976,56,3.0,0.05357142857142857,3.276869615579526,1.7856939646413328,1.712641416625676,2.4740461802626132,-3.2683364550365988,0.0,1.1805961105420677,5.021573921188544e-11,0.5654276534348075,0.010126622993135343,-1.3493669338242882,0.0385882355805006,0.396656830152587,0.9527101036717012
diabetes_binary,Diabetes,LBXSNASI,Sodium (mmol/L),LBXWBCSI,WBC Count (10^3/uL),High-High,High,High,5897,799.0,5011,635.0,0.12672121333067252,312,59.0,0.1891025641025641,536,101.0,0.1884328358208955,38,4.0,0.10526315789473684,1.6164057250421715,1.6050525680620682,0.8982656586734171,1.6077494502274892,-1.9302653452091252,0.0,0.4744133003873245,0.0016414335642306863,0.4700398309617003,7.123792675754974e-05,-1.1542539496361703,0.03951180407556038,-0.20980081828714559,0.9444531313490248
hypertension_binary,Hypertension,BMXBMI,Body Mass Index (kg/m2),LBXIN,Insulin (uIU/mL),High-High,High,High,2552,909.0,2128,695.0,0.3265977443609023,168,87.0,0.5178571428571429,168,81.0,0.48214285714285715,88,46.0,0.5227272727272727,2.2128450644590774,1.919774057717983,2.2550936693872377,1.9898853674983144,-0.7236135822633794,3.100287370739478e-55,0.7950725462455245,8.09557018106404e-07,0.6521546182812343,5.203106689653512e-05,-0.6326418040576526,0.04049859149325727,0.8145853604691061,-0.18194355641145354
stroke_binary,Stroke,systolic_bp,Systolic BP (mmHg),BMXBMI,Body Mass Index (kg/m2),High-High,High,High,4923,229.0,4000,152.0,0.038,431,49.0,0.1136890951276102,432,25.0,0.05787037037037037,60,3.0,0.05,3.265843780135005,1.5791893794629386,1.5361083392729864,2.370011138964178,-3.231428290939321,0.0,1.1778279804433724,9.389100672182324e-12,0.44149093036492676,0.046760910955240265,-1.3323295990354187,0.04055564844682155,0.28698931177288056,1.0453402872625381
arthritis_binary,Arthritis,diastolic_bp,Diastolic BP (mmHg),LBXSUA,Uric Acid (mg/dL),TwoSided-TwoSided,Out-of-Bounds,Out-of-Bounds,4667,1456.0,3056,918.0,0.30039267015706805,683,233.0,0.3411420204978038,742,251.0,0.33827493261455527,186,54.0,0.2903225806451613,1.2067635488784312,1.1913642427528186,0.9576586107373589,1.201449035955587,-0.8454287009645003,7.774900364460443e-102,0.18721957176583562,0.037165993470074626,0.17443751230176344,0.04508424233117749,-0.41004625912519505,0.04080775185461916,-0.04838917505759599,0.36165708406759906
high_cholesterol_binary,High Cholesterol,LBXSAPSI,Alkaline Phosphatase (U/L),LBXSUA,Uric Acid (mg/dL),High-High,High,High,5385,1762.0,4402,1363.0,0.309631985461154,479,186.0,0.3883089770354906,451,194.0,0.43015521064301554,53,19.0,0.3584905660377358,1.4165037741707165,1.6837956287538138,1.259976722309912,1.5366162275623179,-0.8018403612202604,1.3714660874393832e-133,0.34741442591639426,0.0004650244749453186,0.5206224353883689,2.2400267727736718e-07,-0.6481180455342237,0.041355015259177,0.2199188157705395,0.4281992297636842
diabetes_binary,Diabetes,LBDLDL,LDL Cholesterol (mg/dL),LBXWBCSI,WBC Count (10^3/uL),TwoSided-TwoSided,Out-of-Bounds,Out-of-Bounds,2806,403.0,1805,218.0,0.12077562326869806,452,92.0,0.20353982300884957,441,75.0,0.17006802721088435,108,18.0,0.16666666666666666,1.864226839788369,1.4967017460609826,1.485201714350734,1.6353494774244146,-1.9851056577373192,2.8150731297945983e-166,0.6207902033362037,6.1893145018774e-06,0.39996043787226354,0.006114302934428044,-0.6450828959052486,0.04298699562385403,0.37566774530321867,0.2694151506020299
diabetes_binary,Diabetes,BMXWAIST,Waist Circumference (cm),LBXSNASI,Sodium (mmol/L),High-Low,High,Low,5612,737.0,4686,502.0,0.10712761416986769,511,142.0,0.27788649706457924,365,78.0,0.2136986301369863,50,15.0,0.3,3.211500010098358,2.2737322085226044,3.6358909676967275,2.7385741249710254,-2.120422886053029,0.0,1.1654532996137625,1.8106976583891813e-26,0.8176494969829996,1.9055622684915015e-09,-0.7099777709309368,0.043376749814635754,1.2731250256658253,-0.5631472547348885
high_cholesterol_binary,High Cholesterol,diastolic_bp,Diastolic BP (mmHg),LBXTR,Triglycerides (mg/dL),Low-High,Low,High,2459,825.0,1997,614.0,0.3074611917876815,220,85.0,0.38636363636363635,227,121.0,0.5330396475770925,15,5.0,0.3333333333333333,1.420640186873797,2.568525882716969,1.1793172924173738,1.9233954451345756,-0.812015403517616,6.217749628153659e-63,0.3493918815695032,0.01724169775813325,0.9443668550022902,2.5698304853134353e-11,-1.1748905136141228,0.04367161278614141,0.11886822295767052,1.0560222906564523
high_cholesterol_binary,High Cholesterol,LBXTC,Total Cholesterol (mg/dL),LBXSATSI,ALT Liver Enzyme (U/L),High-High,High,High,5383,1761.0,4395,1303.0,0.29647326507394767,465,264.0,0.567741935483871,454,160.0,0.3524229074889868,69,34.0,0.4927536231884058,3.1142200660371344,1.2929698871329183,2.305628940501467,2.0032611258334354,-0.8641488325824672,6.862933464831487e-151,1.1367930276697076,2.300288971981254e-30,0.25574288047761246,0.013606225938714604,-0.5573746124381046,0.04525267440641815,0.8351612957092155,-0.2777866832711109
hypertension_binary,Hypertension,BMXBMI,Body Mass Index (kg/m2),LBXHSCRP,hs-CRP Inflammation (mg/L),High-High,High,High,5319,1851.0,4428,1433.0,0.32362240289069555,360,169.0,0.46944444444444444,359,163.0,0.45403899721448465,172,86.0,0.5,1.8495775735592102,1.7387087068696965,2.0896407394489014,1.7401288624229108,-0.7371740827213782,1.4644218980223323e-116,0.6147993695978217,2.5521662288499405e-08,0.5528096242976234,6.011003441546076e-07,-0.430434911174067,0.04633823626390836,0.737174082721378,-0.30673917154731095
diabetes_binary,Diabetes,LBXIN,Insulin (uIU/mL),LBDHDD,HDL Cholesterol (mg/dL),High-Low,High,Low,2820,410.0,2356,282.0,0.11969439728353141,224,70.0,0.3125,182,40.0,0.21978021978021978,58,18.0,0.3103448275862069,3.350854884440244,2.087061015370284,3.3543756145526054,2.6224112145861453,-1.9953273178513582,6.116725961944457e-217,1.2068699574870878,1.8238164415551256e-14,0.7283797143640337,0.00012549071418144648,-0.7384300502175349,0.0463618475811806,1.1968196216335867,-0.45838957141605174
hypertension_binary,Hypertension,LBXSKSI,Potassium (mmol/L),LBXHGB,Hemoglobin (g/dL),Low-Low,Low,Low,5405,1899.0,4632,1526.0,0.32944732297063906,281,150.0,0.5338078291814946,451,203.0,0.4501108647450111,41,20.0,0.4878048780487805,2.329084774808547,1.666527827297885,1.9403941224415178,1.8837576626553136,-0.7106857918642294,2.0773978903864823e-114,0.8461237627593337,7.619002544605126e-12,0.5104630247410342,3.036960858122276e-07,-0.6946911598055702,0.046582286185208995,0.6618956276947977,0.03279553211077246
hypertension_binary,Hypertension,LBXSNASI,Sodium (mmol/L),LBXHGB,Hemoglobin (g/dL),Low-Low,Low,Low,5408,1900.0,4554,1523.0,0.3344312692138779,362,154.0,0.425414364640884,446,205.0,0.45964125560538116,46,18.0,0.391304347826087,1.4744754245832083,1.693206024865105,1.2916414765170228,1.5873625396293933,-0.6882105241626417,2.0280910901515103e-106,0.38762504687495314,0.00047079862501516763,0.5264235698103951,1.4361114923025644e-07,-0.6676708448017457,0.046606539094716834,0.24637777188360255,0.4212930729181431
stroke_binary,Stroke,LBXGH,"Glycohemoglobin (HbA1c, %)",LBXSAPSI,Alkaline Phosphatase (U/L),High-High,High,High,4903,239.0,4039,166.0,0.041099282000495174,379,29.0,0.07651715039577836,389,37.0,0.09511568123393316,96,7.0,0.07291666666666667,1.9580479195315146,2.4749217302408795,1.9495193517539886,2.1619473473699324,-3.149796891158211,0.0,0.6591595666612261,0.0015994963990732145,0.8970836282043384,2.3792717357036183e-06,-0.9491725243841804,0.046630340551940035,0.607070670481384,0.34210185390279646
hypertension_binary,Hypertension,LBXGH,"Glycohemoglobin (HbA1c, %)",LBXSNASI,Sodium (mmol/L),High-Low,High,Low,5407,1900.0,4571,1450.0,0.3172172391161671,428,278.0,0.6495327102803738,321,121.0,0.37694704049844235,87,51.0,0.5862068965517241,3.98230304362913,1.304089827138462,3.036406907396127,2.3968827178527605,-0.7665899068561597,1.519368805466969e-128,1.383575726450541,8.188610312802853e-39,0.264063085904864,0.027092965631777245,-0.5327422112310295,0.046981988155974604,1.1148966011243755,-0.582154389893346
diabetes_binary,Diabetes,LBXSASSI,AST Liver Enzyme (U/L),LBXSBU,BUN Kidney (mg/dL),TwoSided-TwoSided,Out-of-Bounds,Out-of-Bounds,5878,800.0,3941,405.0,0.10276579548337986,859,144.0,0.16763678696158324,833,188.0,0.22569027611044418,245,63.0,0.2571428571428571,1.761331137805558,2.5468180068595925,3.0345455466783777,1.9397747155704652,-2.166864356650995,0.0,0.5643951135329881,8.404985803883304e-08,0.9340560026851717,1.6902481385952635e-21,-0.3924587202524271,0.047828871697975436,1.1059923959657327,-0.7135336757133056
thyroid_binary,Thyroid Problem,LBXSKSI,Potassium (mmol/L),LBXWBCSI,WBC Count (10^3/uL),TwoSided-TwoSided,Out-of-Bounds,Out-of-Bounds,4898,600.0,3330,379.0,0.11381381381381381,631,91.0,0.14421553090332806,781,113.0,0.1446862996158771,156,17.0,0.10897435897435898,1.3166077376751872,1.3204606304993285,0.9756517961286544,1.3189617886335805,-2.052363169860513,1.325117956378357e-309,0.27165353681904253,0.030779466620862794,0.2754628150362074,0.01701342621290196,-0.5960137710692129,0.04964011372070935,-0.048897419213962956,0.54711635185525
